observed_at_utc,source,underlying,symbol,option_type,expiry_utc,strike,maturity_days,maturity_years,underlying_price,market_price,bid_price,ask_price,last_price,mark_iv,mark_iv_binance,bid_iv,ask_iv,risk_free_rate,historical_volatility,historical_volatility_days,moneyness,close_to_close,german_klass,rogers_satchell
2026-06-06T18:37:57.056000+00:00,Binance public market-data API,BTCUSDT,BTC-260607-56000-C,call,2026-06-07T08:00:00+00:00,56000.0,0.5569785185185185,0.0015259685438863,60577.10652174,4585.42,4175.0,5025.0,0.0,0.889,0.889,6e-07,2.12931633,0.0006,0.42948871515171144,365,1.0817340450310715,0.42948871515171144,0.4597891785772359,0.46394739697642895
2026-06-06T18:37:57.056000+00:00,Binance public market-data API,BTCUSDT,BTC-260607-57000-C,call,2026-06-07T08:00:00+00:00,57000.0,0.5569785185185185,0.0015259685438863,60577.10652174,3593.864,3260.0,4005.0,0.0,0.791,0.791,6e-07,1.77806854,0.0006,0.42948871515171144,365,1.0627562547673686,0.42948871515171144,0.4597891785772359,0.46394739697642895
2026-06-06T18:37:57.056000+00:00,Binance public market-data API,BTCUSDT,BTC-260607-58000-C,call,2026-06-07T08:00:00+00:00,58000.0,0.5569785185185185,0.0015259685438863,60577.10652174,2614.441,2345.0,2860.0,2995.0,0.695,0.695,6e-07,1.22899055,0.0006,0.42948871515171144,365,1.0444328710644828,0.42948871515171144,0.4597891785772359,0.46394739697642895
2026-06-06T18:37:57.056000+00:00,Binance public market-data API,BTCUSDT,BTC-260607-59000-C,call,2026-06-07T08:00:00+00:00,59000.0,0.5569785185185185,0.0015259685438863,60577.10652174,1664.627,1435.0,1820.0,1910.0,0.592,0.592,6e-07,0.85282326,0.0006,0.42948871515171144,365,1.0267306190125425,0.42948871515171144,0.4597891785772359,0.46394739697642895
2026-06-06T18:37:57.056000+00:00,Binance public market-data API,BTCUSDT,BTC-260607-59500-C,call,2026-06-07T08:00:00+00:00,59500.0,0.5569785185185185,0.0015259685438863,60577.10652174,1216.941,1115.0,1300.0,1585.0,0.541,0.541,0.35359383,0.66021204,0.0006,0.42948871515171144,365,1.018102630617479,0.42948871515171144,0.4597891785772359,0.46394739697642895
2026-06-06T18:37:57.056000+00:00,Binance public market-data API,BTCUSDT,BTC-260607-60000-C,call,2026-06-07T08:00:00+00:00,60000.0,0.5569785185185185,0.0015259685438863,60577.10652174,812.001,810.0,825.0,710.0,0.498,0.498,0.49559355,0.51356077,0.0006,0.42948871515171144,365,1.009618442029,0.42948871515171144,0.4597891785772359,0.46394739697642895
2026-06-06T18:37:57.056000+00:00,Binance public market-data API,BTCUSDT,BTC-260607-60500-C,call,2026-06-07T08:00:00+00:00,60500.0,0.5569785185185185,0.0015259685438863,60577.10652174,475.528,470.0,480.0,445.0,0.462,0.462,0.45612454,0.46675086,0.0006,0.42948871515171144,365,1.0012744879626447,0.42948871515171144,0.4597891785772359,0.46394739697642895
2026-06-06T18:37:57.056000+00:00,Binance public market-data API,BTCUSDT,BTC-260607-61000-C,call,2026-06-07T08:00:00+00:00,61000.0,0.5569785185185185,0.0015259685438863,60577.10652174,240.822,245.0,250.0,240.0,0.442,0.442,0.44677854,0.45248687,0.0006,0.42948871515171144,365,0.9930673200285246,0.42948871515171144,0.4597891785772359,0.46394739697642895
2026-06-06T18:37:57.056000+00:00,Binance public market-data API,BTCUSDT,BTC-260607-61500-C,call,2026-06-07T08:00:00+00:00,61500.0,0.5569785185185185,0.0015259685438863,60577.10652174,110.642,115.0,120.0,110.0,0.442,0.442,0.4486841,0.45626283,0.0006,0.42948871515171144,365,0.9849936019795122,0.42948871515171144,0.4597891785772359,0.46394739697642895
2026-06-06T18:37:57.056000+00:00,Binance public market-data API,BTCUSDT,BTC-260607-62000-C,call,2026-06-07T08:00:00+00:00,62000.0,0.5569785185185185,0.0015259685438863,60577.10652174,51.824,55.0,60.0,55.0,0.462,0.462,0.46950579,0.48095047,0.0006,0.42948871515171144,365,0.9770501051893548,0.42948871515171144,0.4597891785772359,0.46394739697642895
2026-06-06T18:37:57.056000+00:00,Binance public market-data API,BTCUSDT,BTC-260607-62500-C,call,2026-06-07T08:00:00+00:00,62500.0,0.5569785185185185,0.0015259685438863,60577.10652174,27.672,30.0,35.0,30.0,0.499,0.499,0.50758302,0.52490652,0.0006,0.42948871515171144,365,0.96923370434784,0.42948871515171144,0.4597891785772359,0.46394739697642895
2026-06-06T18:37:57.056000+00:00,Binance public market-data API,BTCUSDT,BTC-260607-63000-C,call,2026-06-07T08:00:00+00:00,63000.0,0.5569785185185185,0.0015259685438863,60577.10652174,15.332,15.0,20.0,20.0,0.536,0.536,0.53398907,0.5618161,0.0006,0.42948871515171144,365,0.9615413733609524,0.42948871515171144,0.4597891785772359,0.46394739697642895
2026-06-06T18:37:57.056000+00:00,Binance public market-data API,BTCUSDT,BTC-260607-63500-C,call,2026-06-07T08:00:00+00:00,63500.0,0.5569785185185185,0.0015259685438863,60577.10652174,10.761,5.0,10.0,10.0,0.59,0.59,0.5294174,0.58347881,0.0006,0.42948871515171144,365,0.9539701814447245,0.42948871515171144,0.4597891785772359,0.46394739697642895
2026-06-06T18:37:57.056000+00:00,Binance public market-data API,BTCUSDT,BTC-260607-64000-C,call,2026-06-07T08:00:00+00:00,64000.0,0.5569785185185185,0.0015259685438863,60577.10652174,8.079,5.0,10.0,10.0,0.645,0.645,0.60507834,0.66489279,0.0006,0.42948871515171144,365,0.9465172894021876,0.42948871515171144,0.4597891785772359,0.46394739697642895
2026-06-06T18:37:57.056000+00:00,Binance public market-data API,BTCUSDT,BTC-260607-64500-C,call,2026-06-07T08:00:00+00:00,64500.0,0.5569785185185185,0.0015259685438863,60577.10652174,4.939,0.0,10.0,10.0,0.678,0.678,-1.0,0.74432909,0.0006,0.42948871515171144,365,0.9391799460734884,0.42948871515171144,0.4597891785772359,0.46394739697642895
2026-06-06T18:37:57.056000+00:00,Binance public market-data API,BTCUSDT,BTC-260607-65000-C,call,2026-06-07T08:00:00+00:00,65000.0,0.5569785185185185,0.0015259685438863,60577.10652174,2.918,0.0,5.0,5.0,0.706,0.706,-1.0,0.7514447,0.0006,0.42948871515171144,365,0.931955484949846,0.42948871515171144,0.4597891785772359,0.46394739697642895
2026-06-06T18:37:57.056000+00:00,Binance public market-data API,BTCUSDT,BTC-260607-65500-C,call,2026-06-07T08:00:00+00:00,65500.0,0.5569785185185185,0.0015259685438863,60577.10652174,1.988,0.0,5.0,5.0,0.743,0.743,-1.0,0.82250178,0.0006,0.42948871515171144,365,0.9248413209425954,0.42948871515171144,0.4597891785772359,0.46394739697642895
2026-06-06T18:37:57.056000+00:00,Binance public market-data API,BTCUSDT,BTC-260607-66000-C,call,2026-06-07T08:00:00+00:00,66000.0,0.5569785185185185,0.0015259685438863,60577.10652174,1.436,0.0,5.0,5.0,0.782,0.782,-1.0,0.97288847,0.0006,0.42948871515171144,365,0.917834947299091,0.42948871515171144,0.4597891785772359,0.46394739697642895
2026-06-06T18:37:57.056000+00:00,Binance public market-data API,BTCUSDT,BTC-260607-66500-C,call,2026-06-07T08:00:00+00:00,66500.0,0.5569785185185185,0.0015259685438863,60577.10652174,1.055,0.0,5.0,5.0,0.82,0.82,-1.0,0.96096337,0.0006,0.42948871515171144,365,0.9109339326577444,0.42948871515171144,0.4597891785772359,0.46394739697642895
2026-06-06T18:37:57.056000+00:00,Binance public market-data API,BTCUSDT,BTC-260607-67000-C,call,2026-06-07T08:00:00+00:00,67000.0,0.5569785185185185,0.0015259685438863,60577.10652174,0.796,0.0,5.0,5.0,0.858,0.858,-1.0,1.02854431,0.0006,0.42948871515171144,365,0.9041359182349256,0.42948871515171144,0.4597891785772359,0.46394739697642895
2026-06-06T18:37:57.056000+00:00,Binance public market-data API,BTCUSDT,BTC-260607-56000-P,put,2026-06-07T08:00:00+00:00,56000.0,0.5569785185185185,0.0015259685438863,60577.10652174,8.262,5.0,10.0,10.0,0.889,0.889,0.83432257,0.91216743,0.0006,0.42948871515171144,365,1.0817340450310715,0.42948871515171144,0.4597891785772359,0.46394739697642895
2026-06-06T18:37:57.056000+00:00,Binance public market-data API,BTCUSDT,BTC-260607-57000-P,put,2026-06-07T08:00:00+00:00,57000.0,0.5569785185185185,0.0015259685438863,60577.10652174,16.705,15.0,20.0,15.0,0.791,0.791,0.77759445,0.81465423,0.0006,0.42948871515171144,365,1.0627562547673686,0.42948871515171144,0.4597891785772359,0.46394739697642895
2026-06-06T18:37:57.056000+00:00,Binance public market-data API,BTCUSDT,BTC-260607-58000-P,put,2026-06-07T08:00:00+00:00,58000.0,0.5569785185185185,0.0015259685438863,60577.10652174,37.281,40.0,45.0,40.0,0.695,0.695,0.70540726,0.72361767,0.0006,0.42948871515171144,365,1.0444328710644828,0.42948871515171144,0.4597891785772359,0.46394739697642895
2026-06-06T18:37:57.056000+00:00,Binance public market-data API,BTCUSDT,BTC-260607-59000-P,put,2026-06-07T08:00:00+00:00,59000.0,0.5569785185185185,0.0015259685438863,60577.10652174,87.466,90.0,95.0,105.0,0.592,0.592,0.59718311,0.60724854,0.0006,0.42948871515171144,365,1.0267306190125425,0.42948871515171144,0.4597891785772359,0.46394739697642895
2026-06-06T18:37:57.056000+00:00,Binance public market-data API,BTCUSDT,BTC-260607-59500-P,put,2026-06-07T08:00:00+00:00,59500.0,0.5569785185185185,0.0015259685438863,60577.10652174,139.78,145.0,150.0,130.0,0.541,0.541,0.54895818,0.55650651,0.0006,0.42948871515171144,365,1.018102630617479,0.42948871515171144,0.4597891785772359,0.46394739697642895
2026-06-06T18:37:57.056000+00:00,Binance public market-data API,BTCUSDT,BTC-260607-60000-P,put,2026-06-07T08:00:00+00:00,60000.0,0.5569785185185185,0.0015259685438863,60577.10652174,234.839,235.0,240.0,245.0,0.498,0.498,0.49819231,0.50419033,0.0006,0.42948871515171144,365,1.009618442029,0.42948871515171144,0.4597891785772359,0.46394739697642895
2026-06-06T18:37:57.056000+00:00,Binance public market-data API,BTCUSDT,BTC-260607-60500-P,put,2026-06-07T08:00:00+00:00,60500.0,0.5569785185185185,0.0015259685438863,60577.10652174,398.366,395.0,400.0,415.0,0.462,0.462,0.4584223,0.46373546,0.0006,0.42948871515171144,365,1.0012744879626447,0.42948871515171144,0.4597891785772359,0.46394739697642895
2026-06-06T18:37:57.056000+00:00,Binance public market-data API,BTCUSDT,BTC-260607-61000-P,put,2026-06-07T08:00:00+00:00,61000.0,0.5569785185185185,0.0015259685438863,60577.10652174,663.66,660.0,675.0,705.0,0.442,0.442,0.43206692,0.45495272,0.0006,0.42948871515171144,365,0.9930673200285246,0.42948871515171144,0.4597891785772359,0.46394739697642895
2026-06-06T18:37:57.056000+00:00,Binance public market-data API,BTCUSDT,BTC-260607-61500-P,put,2026-06-07T08:00:00+00:00,61500.0,0.5569785185185185,0.0015259685438863,60577.10652174,1033.479,1000.0,1125.0,925.0,0.442,0.442,0.38752556,0.57131767,0.0006,0.42948871515171144,365,0.9849936019795122,0.42948871515171144,0.4597891785772359,0.46394739697642895
2026-06-06T18:37:57.056000+00:00,Binance public market-data API,BTCUSDT,BTC-260607-62000-P,put,2026-06-07T08:00:00+00:00,62000.0,0.5569785185185185,0.0015259685438863,60577.10652174,1474.661,1425.0,1735.0,1230.0,0.462,0.462,0.25688171,0.8779335,0.0006,0.42948871515171144,365,0.9770501051893548,0.42948871515171144,0.4597891785772359,0.46394739697642895
2026-06-06T18:37:57.056000+00:00,Binance public market-data API,BTCUSDT,BTC-260607-62500-P,put,2026-06-07T08:00:00+00:00,62500.0,0.5569785185185185,0.0015259685438863,60577.10652174,1950.509,1770.0,2085.0,1695.0,0.499,0.499,6e-07,0.80334663,0.0006,0.42948871515171144,365,0.96923370434784,0.42948871515171144,0.4597891785772359,0.46394739697642895
2026-06-06T18:37:57.056000+00:00,Binance public market-data API,BTCUSDT,BTC-260607-63000-P,put,2026-06-07T08:00:00+00:00,63000.0,0.5569785185185185,0.0015259685438863,60577.10652174,2438.168,2225.0,2545.0,2660.0,0.536,0.536,6e-07,0.85532188,0.0006,0.42948871515171144,365,0.9615413733609524,0.42948871515171144,0.4597891785772359,0.46394739697642895
2026-06-06T18:37:57.056000+00:00,Binance public market-data API,BTCUSDT,BTC-260607-63500-P,put,2026-06-07T08:00:00+00:00,63500.0,0.5569785185185185,0.0015259685438863,60577.10652174,2933.596,2685.0,3135.0,2755.0,0.59,0.59,6e-07,1.15163803,0.0006,0.42948871515171144,365,0.9539701814447245,0.42948871515171144,0.4597891785772359,0.46394739697642895
2026-06-06T18:37:57.056000+00:00,Binance public market-data API,BTCUSDT,BTC-260607-64000-P,put,2026-06-07T08:00:00+00:00,64000.0,0.5569785185185185,0.0015259685438863,60577.10652174,3430.914,3120.0,3770.0,3115.0,0.645,0.645,6e-07,1.50909424,0.0006,0.42948871515171144,365,0.9465172894021876,0.42948871515171144,0.4597891785772359,0.46394739697642895
2026-06-06T18:37:57.056000+00:00,Binance public market-data API,BTCUSDT,BTC-260607-64500-P,put,2026-06-07T08:00:00+00:00,64500.0,0.5569785185185185,0.0015259685438863,60577.10652174,3927.774,3580.0,4310.0,3630.0,0.678,0.678,6e-07,1.70577049,0.0006,0.42948871515171144,365,0.9391799460734884,0.42948871515171144,0.4597891785772359,0.46394739697642895
2026-06-06T18:37:57.056000+00:00,Binance public market-data API,BTCUSDT,BTC-260607-65000-P,put,2026-06-07T08:00:00+00:00,65000.0,0.5569785185185185,0.0015259685438863,60577.10652174,4425.752,4035.0,4880.0,4430.0,0.706,0.706,6e-07,1.94847107,0.0006,0.42948871515171144,365,0.931955484949846,0.42948871515171144,0.4597891785772359,0.46394739697642895
2026-06-06T18:37:57.056000+00:00,Binance public market-data API,BTCUSDT,BTC-260607-65500-P,put,2026-06-07T08:00:00+00:00,65500.0,0.5569785185185185,0.0015259685438863,60577.10652174,4924.822,4485.0,5440.0,3600.0,0.743,0.743,6e-07,2.17344284,0.0006,0.42948871515171144,365,0.9248413209425954,0.42948871515171144,0.4597891785772359,0.46394739697642895
2026-06-06T18:37:57.056000+00:00,Binance public market-data API,BTCUSDT,BTC-260607-66000-P,put,2026-06-07T08:00:00+00:00,66000.0,0.5569785185185185,0.0015259685438863,60577.10652174,5424.269,4945.0,5985.0,2995.0,0.782,0.782,6e-07,2.37342834,0.0006,0.42948871515171144,365,0.917834947299091,0.42948871515171144,0.4597891785772359,0.46394739697642895
2026-06-06T18:37:57.056000+00:00,Binance public market-data API,BTCUSDT,BTC-260607-66500-P,put,2026-06-07T08:00:00+00:00,66500.0,0.5569785185185185,0.0015259685438863,60577.10652174,5923.887,5405.0,6535.0,0.0,0.82,0.82,6e-07,2.57968903,0.0006,0.42948871515171144,365,0.9109339326577444,0.42948871515171144,0.4597891785772359,0.46394739697642895
2026-06-06T18:37:57.056000+00:00,Binance public market-data API,BTCUSDT,BTC-260607-67000-P,put,2026-06-07T08:00:00+00:00,67000.0,0.5569785185185185,0.0015259685438863,60577.10652174,6423.628,5860.0,7080.0,6215.0,0.858,0.858,6e-07,2.77667999,0.0006,0.42948871515171144,365,0.9041359182349256,0.42948871515171144,0.4597891785772359,0.46394739697642895
2026-06-06T18:37:57.056000+00:00,Binance public market-data API,BTCUSDT,BTC-260608-56000-C,call,2026-06-08T08:00:00+00:00,56000.0,1.5569785185185183,0.0042656945712836,60577.10652174,4685.674,4050.0,5205.0,0.0,0.839,0.839,6e-07,1.44922256,0.0,0.42948871515171144,365,1.0817340450310715,0.42948871515171144,0.4597891785772359,0.46394739697642895
2026-06-06T18:37:57.056000+00:00,Binance public market-data API,BTCUSDT,BTC-260608-57000-C,call,2026-06-08T08:00:00+00:00,57000.0,1.5569785185185183,0.0042656945712836,60577.10652174,3744.578,3255.0,4160.0,0.0,0.777,0.777,6e-07,1.20560646,0.0,0.42948871515171144,365,1.0627562547673686,0.42948871515171144,0.4597891785772359,0.46394739697642895
2026-06-06T18:37:57.056000+00:00,Binance public market-data API,BTCUSDT,BTC-260608-58000-C,call,2026-06-08T08:00:00+00:00,58000.0,1.5569785185185183,0.0042656945712836,60577.10652174,2843.647,2340.0,3100.0,2100.0,0.719,0.719,6e-07,0.94846725,0.0,0.42948871515171144,365,1.0444328710644828,0.42948871515171144,0.4597891785772359,0.46394739697642895
2026-06-06T18:37:57.056000+00:00,Binance public market-data API,BTCUSDT,BTC-260608-59000-C,call,2026-06-08T08:00:00+00:00,59000.0,1.5569785185185183,0.0042656945712836,60577.10652174,2011.09,1910.0,2105.0,2665.0,0.666,0.666,0.58601141,0.73719978,0.0,0.42948871515171144,365,1.0267306190125425,0.42948871515171144,0.4597891785772359,0.46394739697642895
2026-06-06T18:37:57.056000+00:00,Binance public market-data API,BTCUSDT,BTC-260608-59500-C,call,2026-06-08T08:00:00+00:00,59500.0,1.5569785185185183,0.0042656945712836,60577.10652174,1631.898,1625.0,1655.0,1695.0,0.641,0.641,0.63265085,0.65715551,0.0,0.42948871515171144,365,1.018102630617479,0.42948871515171144,0.4597891785772359,0.46394739697642895
2026-06-06T18:37:57.056000+00:00,Binance public market-data API,BTCUSDT,BTC-260608-60000-C,call,2026-06-08T08:00:00+00:00,60000.0,1.5569785185185183,0.0042656945712836,60577.10652174,1286.448,1280.0,1310.0,1255.0,0.618,0.618,0.61377525,0.63341379,0.0,0.42948871515171144,365,1.009618442029,0.42948871515171144,0.4597891785772359,0.46394739697642895
2026-06-06T18:37:57.056000+00:00,Binance public market-data API,BTCUSDT,BTC-260608-60500-C,call,2026-06-08T08:00:00+00:00,60500.0,1.5569785185185183,0.0042656945712836,60577.10652174,979.117,985.0,1000.0,925.0,0.596,0.596,0.5997324,0.60924768,0.0,0.42948871515171144,365,1.0012744879626447,0.42948871515171144,0.4597891785772359,0.46394739697642895
2026-06-06T18:37:57.056000+00:00,Binance public market-data API,BTCUSDT,BTC-260608-61000-C,call,2026-06-08T08:00:00+00:00,61000.0,1.5569785185185183,0.0042656945712836,60577.10652174,725.714,735.0,740.0,715.0,0.582,0.582,0.58796167,0.59117079,0.0,0.42948871515171144,365,0.9930673200285246,0.42948871515171144,0.4597891785772359,0.46394739697642895
2026-06-06T18:37:57.056000+00:00,Binance public market-data API,BTCUSDT,BTC-260608-61500-C,call,2026-06-08T08:00:00+00:00,61500.0,1.5569785185185183,0.0042656945712836,60577.10652174,518.778,530.0,535.0,535.0,0.57,0.57,0.57765603,0.58106184,0.0,0.42948871515171144,365,0.9849936019795122,0.42948871515171144,0.4597891785772359,0.46394739697642895
2026-06-06T18:37:57.056000+00:00,Binance public market-data API,BTCUSDT,BTC-260608-62000-C,call,2026-06-08T08:00:00+00:00,62000.0,1.5569785185185183,0.0042656945712836,60577.10652174,359.716,365.0,370.0,340.0,0.562,0.562,0.5660367,0.56984603,0.0,0.42948871515171144,365,0.9770501051893548,0.42948871515171144,0.4597891785772359,0.46394739697642895
2026-06-06T18:37:57.056000+00:00,Binance public market-data API,BTCUSDT,BTC-260608-62500-C,call,2026-06-08T08:00:00+00:00,62500.0,1.5569785185185183,0.0042656945712836,60577.10652174,242.181,250.0,255.0,240.0,0.557,0.557,0.56402147,0.5684787,0.0,0.42948871515171144,365,0.96923370434784,0.42948871515171144,0.4597891785772359,0.46394739697642895
2026-06-06T18:37:57.056000+00:00,Binance public market-data API,BTCUSDT,BTC-260608-63000-C,call,2026-06-08T08:00:00+00:00,63000.0,1.5569785185185183,0.0042656945712836,60577.10652174,161.011,165.0,170.0,175.0,0.557,0.557,0.56141138,0.56688607,0.0,0.42948871515171144,365,0.9615413733609524,0.42948871515171144,0.4597891785772359,0.46394739697642895
2026-06-06T18:37:57.056000+00:00,Binance public market-data API,BTCUSDT,BTC-260608-63500-C,call,2026-06-08T08:00:00+00:00,63500.0,1.5569785185185183,0.0042656945712836,60577.10652174,105.838,115.0,120.0,115.0,0.56,0.56,0.57276428,0.57954371,0.0,0.42948871515171144,365,0.9539701814447245,0.42948871515171144,0.4597891785772359,0.46394739697642895
2026-06-06T18:37:57.056000+00:00,Binance public market-data API,BTCUSDT,BTC-260608-64000-C,call,2026-06-08T08:00:00+00:00,64000.0,1.5569785185185183,0.0042656945712836,60577.10652174,71.652,75.0,80.0,70.0,0.57,0.57,0.57606876,0.58488667,0.0,0.42948871515171144,365,0.9465172894021876,0.42948871515171144,0.4597891785772359,0.46394739697642895
2026-06-06T18:37:57.056000+00:00,Binance public market-data API,BTCUSDT,BTC-260608-64500-C,call,2026-06-08T08:00:00+00:00,64500.0,1.5569785185185183,0.0042656945712836,60577.10652174,50.198,50.0,55.0,55.0,0.585,0.585,0.58453023,0.59607565,0.0,0.42948871515171144,365,0.9391799460734884,0.42948871515171144,0.4597891785772359,0.46394739697642895
2026-06-06T18:37:57.056000+00:00,Binance public market-data API,BTCUSDT,BTC-260608-65000-C,call,2026-06-08T08:00:00+00:00,65000.0,1.5569785185185183,0.0042656945712836,60577.10652174,35.902,35.0,40.0,45.0,0.602,0.602,0.59922755,0.61410129,0.0,0.42948871515171144,365,0.931955484949846,0.42948871515171144,0.4597891785772359,0.46394739697642895
2026-06-06T18:37:57.056000+00:00,Binance public market-data API,BTCUSDT,BTC-260608-66000-C,call,2026-06-08T08:00:00+00:00,66000.0,1.5569785185185183,0.0042656945712836,60577.10652174,18.749,15.0,20.0,20.0,0.636,0.636,0.61545074,0.64225912,0.0,0.42948871515171144,365,0.917834947299091,0.42948871515171144,0.4597891785772359,0.46394739697642895
2026-06-06T18:37:57.056000+00:00,Binance public market-data API,BTCUSDT,BTC-260608-67000-C,call,2026-06-08T08:00:00+00:00,67000.0,1.5569785185185183,0.0042656945712836,60577.10652174,9.77,10.0,15.0,20.0,0.667,0.667,0.66899478,0.70629716,0.0,0.42948871515171144,365,0.9041359182349256,0.42948871515171144,0.4597891785772359,0.46394739697642895
2026-06-06T18:37:57.056000+00:00,Binance public market-data API,BTCUSDT,BTC-260608-56000-P,put,2026-06-08T08:00:00+00:00,56000.0,1.5569785185185183,0.0042656945712836,60577.10652174,108.568,110.0,115.0,100.0,0.839,0.839,0.84162951,0.85068405,0.0,0.42948871515171144,365,1.0817340450310715,0.42948871515171144,0.4597891785772359,0.46394739697642895
2026-06-06T18:37:57.056000+00:00,Binance public market-data API,BTCUSDT,BTC-260608-57000-P,put,2026-06-08T08:00:00+00:00,57000.0,1.5569785185185183,0.0042656945712836,60577.10652174,167.471,170.0,175.0,175.0,0.777,0.777,0.78038037,0.78700542,0.0,0.42948871515171144,365,1.0627562547673686,0.42948871515171144,0.4597891785772359,0.46394739697642895
2026-06-06T18:37:57.056000+00:00,Binance public market-data API,BTCUSDT,BTC-260608-58000-P,put,2026-06-08T08:00:00+00:00,58000.0,1.5569785185185183,0.0042656945712836,60577.10652174,266.54,275.0,280.0,260.0,0.719,0.719,0.72736859,0.73227704,0.0,0.42948871515171144,365,1.0444328710644828,0.42948871515171144,0.4597891785772359,0.46394739697642895
2026-06-06T18:37:57.056000+00:00,Binance public market-data API,BTCUSDT,BTC-260608-59000-P,put,2026-06-08T08:00:00+00:00,59000.0,1.5569785185185183,0.0042656945712836,60577.10652174,433.983,445.0,450.0,425.0,0.666,0.666,0.67448258,0.67831933,0.0,0.42948871515171144,365,1.0267306190125425,0.42948871515171144,0.4597891785772359,0.46394739697642895
2026-06-06T18:37:57.056000+00:00,Binance public market-data API,BTCUSDT,BTC-260608-59500-P,put,2026-06-08T08:00:00+00:00,59500.0,1.5569785185185183,0.0042656945712836,60577.10652174,554.791,565.0,570.0,525.0,0.641,0.641,0.64814806,0.65164328,0.0,0.42948871515171144,365,1.018102630617479,0.42948871515171144,0.4597891785772359,0.46394739697642895
2026-06-06T18:37:57.056000+00:00,Binance public market-data API,BTCUSDT,BTC-260608-60000-P,put,2026-06-08T08:00:00+00:00,60000.0,1.5569785185185183,0.0042656945712836,60577.10652174,709.342,720.0,725.0,690.0,0.618,0.618,0.62497735,0.62824965,0.0,0.42948871515171144,365,1.009618442029,0.42948871515171144,0.4597891785772359,0.46394739697642895
2026-06-06T18:37:57.056000+00:00,Binance public market-data API,BTCUSDT,BTC-260608-60500-P,put,2026-06-08T08:00:00+00:00,60500.0,1.5569785185185183,0.0042656945712836,60577.10652174,902.01,915.0,920.0,940.0,0.596,0.596,0.60424089,0.60741305,0.0,0.42948871515171144,365,1.0012744879626447,0.42948871515171144,0.4597891785772359,0.46394739697642895
2026-06-06T18:37:57.056000+00:00,Binance public market-data API,BTCUSDT,BTC-260608-61000-P,put,2026-06-08T08:00:00+00:00,61000.0,1.5569785185185183,0.0042656945712836,60577.10652174,1148.607,1140.0,1165.0,1180.0,0.582,0.582,0.57647228,0.59252262,0.0,0.42948871515171144,365,0.9930673200285246,0.42948871515171144,0.4597891785772359,0.46394739697642895
2026-06-06T18:37:57.056000+00:00,Binance public market-data API,BTCUSDT,BTC-260608-61500-P,put,2026-06-08T08:00:00+00:00,61500.0,1.5569785185185183,0.0042656945712836,60577.10652174,1441.671,1430.0,1460.0,1385.0,0.57,0.57,0.56201935,0.58249474,0.0,0.42948871515171144,365,0.9849936019795122,0.42948871515171144,0.4597891785772359,0.46394739697642895
2026-06-06T18:37:57.056000+00:00,Binance public market-data API,BTCUSDT,BTC-260608-62000-P,put,2026-06-08T08:00:00+00:00,62000.0,1.5569785185185183,0.0042656945712836,60577.10652174,1782.609,1690.0,1970.0,1620.0,0.562,0.562,0.48901558,0.69980621,0.0,0.42948871515171144,365,0.9770501051893548,0.42948871515171144,0.4597891785772359,0.46394739697642895
2026-06-06T18:37:57.056000+00:00,Binance public market-data API,BTCUSDT,BTC-260608-62500-P,put,2026-06-08T08:00:00+00:00,62500.0,1.5569785185185183,0.0042656945712836,60577.10652174,2165.074,2070.0,2265.0,2125.0,0.557,0.557,0.46481133,0.64279079,0.0,0.42948871515171144,365,0.96923370434784,0.42948871515171144,0.4597891785772359,0.46394739697642895
2026-06-06T18:37:57.056000+00:00,Binance public market-data API,BTCUSDT,BTC-260608-63000-P,put,2026-06-08T08:00:00+00:00,63000.0,1.5569785185185183,0.0042656945712836,60577.10652174,2583.904,2485.0,3945.0,2900.0,0.557,0.557,0.42666435,1.58649445,0.0,0.42948871515171144,365,0.9615413733609524,0.42948871515171144,0.4597891785772359,0.46394739697642895
2026-06-06T18:37:57.056000+00:00,Binance public market-data API,BTCUSDT,BTC-260608-63500-P,put,2026-06-08T08:00:00+00:00,63500.0,1.5569785185185183,0.0042656945712836,60577.10652174,3028.731,2940.0,3130.0,2970.0,0.56,0.56,0.38013458,0.68336487,0.0,0.42948871515171144,365,0.9539701814447245,0.42948871515171144,0.4597891785772359,0.46394739697642895
2026-06-06T18:37:57.056000+00:00,Binance public market-data API,BTCUSDT,BTC-260608-64000-P,put,2026-06-08T08:00:00+00:00,64000.0,1.5569785185185183,0.0042656945712836,60577.10652174,3494.545,3120.0,3805.0,3020.0,0.57,0.57,6e-07,0.93538284,0.0,0.42948871515171144,365,0.9465172894021876,0.42948871515171144,0.4597891785772359,0.46394739697642895
2026-06-06T18:37:57.056000+00:00,Binance public market-data API,BTCUSDT,BTC-260608-64500-P,put,2026-06-08T08:00:00+00:00,64500.0,1.5569785185185183,0.0042656945712836,60577.10652174,3973.091,3575.0,4325.0,0.0,0.585,0.585,6e-07,1.03445053,0.0,0.42948871515171144,365,0.9391799460734884,0.42948871515171144,0.4597891785772359,0.46394739697642895
2026-06-06T18:37:57.056000+00:00,Binance public market-data API,BTCUSDT,BTC-260608-65000-P,put,2026-06-08T08:00:00+00:00,65000.0,1.5569785185185183,0.0042656945712836,60577.10652174,4458.796,4035.0,4870.0,2865.0,0.602,0.602,6e-07,1.15591049,0.0,0.42948871515171144,365,0.931955484949846,0.42948871515171144,0.4597891785772359,0.46394739697642895
2026-06-06T18:37:57.056000+00:00,Binance public market-data API,BTCUSDT,BTC-260608-66000-P,put,2026-06-08T08:00:00+00:00,66000.0,1.5569785185185183,0.0042656945712836,60577.10652174,5441.642,4940.0,5995.0,0.0,0.636,0.636,6e-07,1.4288044,0.0,0.42948871515171144,365,0.917834947299091,0.42948871515171144,0.4597891785772359,0.46394739697642895
2026-06-06T18:37:57.056000+00:00,Binance public market-data API,BTCUSDT,BTC-260608-67000-P,put,2026-06-08T08:00:00+00:00,67000.0,1.5569785185185183,0.0042656945712836,60577.10652174,6432.663,5850.0,7090.0,0.0,0.667,0.667,6e-07,1.66996002,0.0,0.42948871515171144,365,0.9041359182349256,0.42948871515171144,0.4597891785772359,0.46394739697642895
2026-06-06T18:37:57.056000+00:00,Binance public market-data API,BTCUSDT,BTC-260609-57000-C,call,2026-06-09T08:00:00+00:00,57000.0,2.5569785185185183,0.0070054205986808,60577.10652174,3901.306,3240.0,4260.0,0.0,0.749,0.749,6e-07,1.00817204,0.0,0.42948871515171144,365,1.0627562547673686,0.42948871515171144,0.4597891785772359,0.46394739697642895
2026-06-06T18:37:57.056000+00:00,Binance public market-data API,BTCUSDT,BTC-260609-59000-C,call,2026-06-09T08:00:00+00:00,59000.0,2.5569785185185183,0.0070054205986808,60577.10652174,2248.042,2250.0,2275.0,0.0,0.657,0.657,0.66091061,0.67211866,0.0,0.42948871515171144,365,1.0267306190125425,0.42948871515171144,0.4597891785772359,0.46394739697642895
2026-06-06T18:37:57.056000+00:00,Binance public market-data API,BTCUSDT,BTC-260609-59500-C,call,2026-06-09T08:00:00+00:00,59500.0,2.5569785185185183,0.0070054205986808,60577.10652174,1888.908,1890.0,1915.0,2055.0,0.638,0.638,0.63857555,0.6517601,0.0,0.42948871515171144,365,1.018102630617479,0.42948871515171144,0.4597891785772359,0.46394739697642895
2026-06-06T18:37:57.056000+00:00,Binance public market-data API,BTCUSDT,BTC-260609-60000-C,call,2026-06-09T08:00:00+00:00,60000.0,2.5569785185185183,0.0070054205986808,60577.10652174,1557.689,1560.0,1580.0,0.0,0.62,0.62,0.62116742,0.63127279,0.0,0.42948871515171144,365,1.009618442029,0.42948871515171144,0.4597891785772359,0.46394739697642895
2026-06-06T18:37:57.056000+00:00,Binance public market-data API,BTCUSDT,BTC-260609-60500-C,call,2026-06-09T08:00:00+00:00,60500.0,2.5569785185185183,0.0070054205986808,60577.10652174,1255.718,1265.0,1275.0,1295.0,0.602,0.602,0.60412049,0.61154604,0.0,0.42948871515171144,365,1.0012744879626447,0.42948871515171144,0.4597891785772359,0.46394739697642895
2026-06-06T18:37:57.056000+00:00,Binance public market-data API,BTCUSDT,BTC-260609-61000-C,call,2026-06-09T08:00:00+00:00,61000.0,2.5569785185185183,0.0070054205986808,60577.10652174,995.849,1000.0,1010.0,1120.0,0.589,0.589,0.59106588,0.59604287,0.0,0.42948871515171144,365,0.9930673200285246,0.42948871515171144,0.4597891785772359,0.46394739697642895
2026-06-06T18:37:57.056000+00:00,Binance public market-data API,BTCUSDT,BTC-260609-61500-C,call,2026-06-09T08:00:00+00:00,61500.0,2.5569785185185183,0.0070054205986808,60577.10652174,775.47,780.0,785.0,740.0,0.579,0.579,0.58133364,0.58390856,0.0,0.42948871515171144,365,0.9849936019795122,0.42948871515171144,0.4597891785772359,0.46394739697642895
2026-06-06T18:37:57.056000+00:00,Binance public market-data API,BTCUSDT,BTC-260609-62000-C,call,2026-06-09T08:00:00+00:00,62000.0,2.5569785185185183,0.0070054205986808,60577.10652174,590.356,595.0,600.0,565.0,0.57,0.57,0.57255387,0.57530105,0.0,0.42948871515171144,365,0.9770501051893548,0.42948871515171144,0.4597891785772359,0.46394739697642895
2026-06-06T18:37:57.056000+00:00,Binance public market-data API,BTCUSDT,BTC-260609-63000-C,call,2026-06-09T08:00:00+00:00,63000.0,2.5569785185185183,0.0070054205986808,60577.10652174,330.415,330.0,335.0,335.0,0.563,0.563,0.56271493,0.56613743,0.0,0.42948871515171144,365,0.9615413733609524,0.42948871515171144,0.4597891785772359,0.46394739697642895
2026-06-06T18:37:57.056000+00:00,Binance public market-data API,BTCUSDT,BTC-260609-65000-C,call,2026-06-09T08:00:00+00:00,65000.0,2.5569785185185183,0.0070054205986808,60577.10652174,102.508,105.0,110.0,120.0,0.584,0.584,0.58734357,0.59393704,0.0,0.42948871515171144,365,0.931955484949846,0.42948871515171144,0.4597891785772359,0.46394739697642895
2026-06-06T18:37:57.056000+00:00,Binance public market-data API,BTCUSDT,BTC-260609-57000-P,put,2026-06-09T08:00:00+00:00,57000.0,2.5569785185185183,0.0070054205986808,60577.10652174,324.199,330.0,335.0,280.0,0.749,0.749,0.75372458,0.75777531,0.0,0.42948871515171144,365,1.0627562547673686,0.42948871515171144,0.4597891785772359,0.46394739697642895
2026-06-06T18:37:57.056000+00:00,Binance public market-data API,BTCUSDT,BTC-260609-59000-P,put,2026-06-09T08:00:00+00:00,59000.0,2.5569785185185183,0.0070054205986808,60577.10652174,670.935,680.0,685.0,715.0,0.657,0.657,0.66209197,0.66489697,0.0,0.42948871515171144,365,1.0267306190125425,0.42948871515171144,0.4597891785772359,0.46394739697642895
2026-06-06T18:37:57.056000+00:00,Binance public market-data API,BTCUSDT,BTC-260609-59500-P,put,2026-06-09T08:00:00+00:00,59500.0,2.5569785185185183,0.0070054205986808,60577.10652174,811.802,820.0,825.0,775.0,0.638,0.638,0.64232647,0.64496398,0.0,0.42948871515171144,365,1.018102630617479,0.42948871515171144,0.4597891785772359,0.46394739697642895
2026-06-06T18:37:57.056000+00:00,Binance public market-data API,BTCUSDT,BTC-260609-60000-P,put,2026-06-09T08:00:00+00:00,60000.0,2.5569785185185183,0.0070054205986808,60577.10652174,980.582,990.0,995.0,965.0,0.62,0.62,0.6247592,0.62728524,0.0,0.42948871515171144,365,1.009618442029,0.42948871515171144,0.4597891785772359,0.46394739697642895
2026-06-06T18:37:57.056000+00:00,Binance public market-data API,BTCUSDT,BTC-260609-60500-P,put,2026-06-09T08:00:00+00:00,60500.0,2.5569785185185183,0.0070054205986808,60577.10652174,1178.611,1190.0,1195.0,1140.0,0.602,0.602,0.60763836,0.61011314,0.0,0.42948871515171144,365,1.0012744879626447,0.42948871515171144,0.4597891785772359,0.46394739697642895
2026-06-06T18:37:57.056000+00:00,Binance public market-data API,BTCUSDT,BTC-260609-61000-P,put,2026-06-09T08:00:00+00:00,61000.0,2.5569785185185183,0.0070054205986808,60577.10652174,1418.742,1420.0,1435.0,1435.0,0.589,0.589,0.58962584,0.59709072,0.0,0.42948871515171144,365,0.9930673200285246,0.42948871515171144,0.4597891785772359,0.46394739697642895
2026-06-06T18:37:57.056000+00:00,Binance public market-data API,BTCUSDT,BTC-260609-61500-P,put,2026-06-09T08:00:00+00:00,61500.0,2.5569785185185183,0.0070054205986808,60577.10652174,1698.364,1695.0,1710.0,0.0,0.579,0.579,0.57210922,0.5875659,0.0,0.42948871515171144,365,0.9849936019795122,0.42948871515171144,0.4597891785772359,0.46394739697642895
2026-06-06T18:37:57.056000+00:00,Binance public market-data API,BTCUSDT,BTC-260609-62000-P,put,2026-06-09T08:00:00+00:00,62000.0,2.5569785185185183,0.0070054205986808,60577.10652174,2013.249,2005.0,2025.0,1835.0,0.57,0.57,0.56269884,0.57919979,0.0,0.42948871515171144,365,0.9770501051893548,0.42948871515171144,0.4597891785772359,0.46394739697642895
2026-06-06T18:37:57.056000+00:00,Binance public market-data API,BTCUSDT,BTC-260609-63000-P,put,2026-06-09T08:00:00+00:00,63000.0,2.5569785185185183,0.0070054205986808,60577.10652174,2753.308,2670.0,2830.0,2800.0,0.563,0.563,0.5035162,0.61408043,0.0,0.42948871515171144,365,0.9615413733609524,0.42948871515171144,0.4597891785772359,0.46394739697642895
2026-06-06T18:37:57.056000+00:00,Binance public market-data API,BTCUSDT,BTC-260609-65000-P,put,2026-06-09T08:00:00+00:00,65000.0,2.5569785185185183,0.0070054205986808,60577.10652174,4525.401,4025.0,4930.0,0.0,0.584,0.584,6e-07,0.94541073,0.0,0.42948871515171144,365,0.931955484949846,0.42948871515171144,0.4597891785772359,0.46394739697642895
2026-06-06T18:37:57.056000+00:00,Binance public market-data API,BTCUSDT,BTC-260612-53000-C,call,2026-06-12T08:00:00+00:00,53000.0,5.556978518518519,0.0152245986808726,60577.10652174,7815.535,2405.0,0.0,0.0,0.794,0.794,6e-07,-1.0,0.0251,0.42948871515171144,365,1.1429642739950945,0.42948871515171144,0.4597891785772359,0.46394739697642895
2026-06-06T18:37:57.056000+00:00,Binance public market-data API,BTCUSDT,BTC-260612-55000-C,call,2026-06-12T08:00:00+00:00,55000.0,5.556978518518519,0.0152245986808726,60577.10652174,5969.847,5015.0,6500.0,0.0,0.729,0.729,6e-07,1.01213455,0.0251,0.42948871515171144,365,1.1014019367589092,0.42948871515171144,0.4597891785772359,0.46394739697642895
2026-06-06T18:37:57.056000+00:00,Binance public market-data API,BTCUSDT,BTC-260612-57000-C,call,2026-06-12T08:00:00+00:00,57000.0,5.556978518518519,0.0152245986808726,60577.10652174,4239.153,4100.0,4310.0,0.0,0.667,0.667,0.60154915,0.6989336,0.0251,0.42948871515171144,365,1.0627562547673686,0.42948871515171144,0.4597891785772359,0.46394739697642895
2026-06-06T18:37:57.056000+00:00,Binance public market-data API,BTCUSDT,BTC-260612-58000-C,call,2026-06-12T08:00:00+00:00,58000.0,5.556978518518519,0.0152245986808726,60577.10652174,3442.156,2880.0,3520.0,3840.0,0.638,0.638,0.39015055,0.66896439,0.0251,0.42948871515171144,365,1.0444328710644828,0.42948871515171144,0.4597891785772359,0.46394739697642895
2026-06-06T18:37:57.056000+00:00,Binance public market-data API,BTCUSDT,BTC-260612-59000-C,call,2026-06-12T08:00:00+00:00,59000.0,5.556978518518519,0.0152245986808726,60577.10652174,2706.528,2695.0,2730.0,2805.0,0.61,0.61,0.60582161,0.61668873,0.0251,0.42948871515171144,365,1.0267306190125425,0.42948871515171144,0.4597891785772359,0.46394739697642895
2026-06-06T18:37:57.056000+00:00,Binance public market-data API,BTCUSDT,BTC-260612-60000-C,call,2026-06-12T08:00:00+00:00,60000.0,5.556978518518519,0.0152245986808726,60577.10652174,2051.869,2040.0,2065.0,1985.0,0.585,0.585,0.58095813,0.58947086,0.0251,0.42948871515171144,365,1.009618442029,0.42948871515171144,0.4597891785772359,0.46394739697642895
2026-06-06T18:37:57.056000+00:00,Binance public market-data API,BTCUSDT,BTC-260612-61000-C,call,2026-06-12T08:00:00+00:00,61000.0,5.556978518518519,0.0152245986808726,60577.10652174,1485.785,1485.0,1495.0,1515.0,0.561,0.561,0.56073606,0.56409597,0.0251,0.42948871515171144,365,0.9930673200285246,0.42948871515171144,0.4597891785772359,0.46394739697642895
2026-06-06T18:37:57.056000+00:00,Binance public market-data API,BTCUSDT,BTC-260612-62000-C,call,2026-06-12T08:00:00+00:00,62000.0,5.556978518518519,0.0152245986808726,60577.10652174,1029.272,1035.0,1040.0,1095.0,0.542,0.542,0.54401338,0.54577053,0.0251,0.42948871515171144,365,0.9770501051893548,0.42948871515171144,0.4597891785772359,0.46394739697642895
2026-06-06T18:37:57.056000+00:00,Binance public market-data API,BTCUSDT,BTC-260612-63000-C,call,2026-06-12T08:00:00+00:00,63000.0,5.556978518518519,0.0152245986808726,60577.10652174,685.384,695.0,700.0,695.0,0.529,0.529,0.53277254,0.53473055,0.0251,0.42948871515171144,365,0.9615413733609524,0.42948871515171144,0.4597891785772359,0.46394739697642895
2026-06-06T18:37:57.056000+00:00,Binance public market-data API,BTCUSDT,BTC-260612-64000-C,call,2026-06-12T08:00:00+00:00,64000.0,5.556978518518519,0.0152245986808726,60577.10652174,440.682,445.0,450.0,495.0,0.521,0.521,0.52301824,0.52534938,0.0251,0.42948871515171144,365,0.9465172894021876,0.42948871515171144,0.4597891785772359,0.46394739697642895
2026-06-06T18:37:57.056000+00:00,Binance public market-data API,BTCUSDT,BTC-260612-65000-C,call,2026-06-12T08:00:00+00:00,65000.0,5.556978518518519,0.0152245986808726,60577.10652174,280.316,285.0,290.0,295.0,0.52,0.52,0.52274644,0.52566051,0.0251,0.42948871515171144,365,0.931955484949846,0.42948871515171144,0.4597891785772359,0.46394739697642895
2026-06-06T18:37:57.056000+00:00,Binance public market-data API,BTCUSDT,BTC-260612-66000-C,call,2026-06-12T08:00:00+00:00,66000.0,5.556978518518519,0.0152245986808726,60577.10652174,178.189,180.0,185.0,175.0,0.524,0.524,0.52538812,0.52918971,0.0251,0.42948871515171144,365,0.917834947299091,0.42948871515171144,0.4597891785772359,0.46394739697642895
2026-06-06T18:37:57.056000+00:00,Binance public market-data API,BTCUSDT,BTC-260612-67000-C,call,2026-06-12T08:00:00+00:00,67000.0,5.556978518518519,0.0152245986808726,60577.10652174,117.448,120.0,125.0,125.0,0.535,0.535,0.5375737,0.54253757,0.0251,0.42948871515171144,365,0.9041359182349256,0.42948871515171144,0.4597891785772359,0.46394739697642895
2026-06-06T18:37:57.056000+00:00,Binance public market-data API,BTCUSDT,BTC-260612-68000-C,call,2026-06-12T08:00:00+00:00,68000.0,5.556978518518519,0.0152245986808726,60577.10652174,83.081,90.0,95.0,90.0,0.554,0.554,0.56286752,0.56904495,0.0251,0.42948871515171144,365,0.8908398017902942,0.42948871515171144,0.4597891785772359,0.46394739697642895
2026-06-06T18:37:57.056000+00:00,Binance public market-data API,BTCUSDT,BTC-260612-69000-C,call,2026-06-12T08:00:00+00:00,69000.0,5.556978518518519,0.0152245986808726,60577.10652174,60.716,60.0,65.0,65.0,0.575,0.575,0.57379425,0.58203757,0.0251,0.42948871515171144,365,0.8779290800252174,0.42948871515171144,0.4597891785772359,0.46394739697642895
2026-06-06T18:37:57.056000+00:00,Binance public market-data API,BTCUSDT,BTC-260612-70000-C,call,2026-06-12T08:00:00+00:00,70000.0,5.556978518518519,0.0152245986808726,60577.10652174,46.52,50.0,55.0,50.0,0.599,0.599,0.60612381,0.6158489,0.0251,0.42948871515171144,365,0.8653872360248572,0.42948871515171144,0.4597891785772359,0.46394739697642895
2026-06-06T18:37:57.056000+00:00,Binance public market-data API,BTCUSDT,BTC-260612-71000-C,call,2026-06-12T08:00:00+00:00,71000.0,5.556978518518519,0.0152245986808726,60577.10652174,35.563,35.0,40.0,40.0,0.621,0.621,0.6195122,0.63221097,0.0251,0.42948871515171144,365,0.8531986834047888,0.42948871515171144,0.4597891785772359,0.46394739697642895
2026-06-06T18:37:57.056000+00:00,Binance public market-data API,BTCUSDT,BTC-260612-72000-C,call,2026-06-12T08:00:00+00:00,72000.0,5.556978518518519,0.0152245986808726,60577.10652174,28.584,30.0,35.0,35.0,0.646,0.646,0.65044463,0.66512406,0.0251,0.42948871515171144,365,0.8413487016908334,0.42948871515171144,0.4597891785772359,0.46394739697642895
2026-06-06T18:37:57.056000+00:00,Binance public market-data API,BTCUSDT,BTC-260612-73000-C,call,2026-06-12T08:00:00+00:00,73000.0,5.556978518518519,0.0152245986808726,60577.10652174,25.546,25.0,30.0,35.0,0.679,0.679,0.6770128,0.69422543,0.0251,0.42948871515171144,365,0.829823377010137,0.42948871515171144,0.4597891785772359,0.46394739697642895
2026-06-06T18:37:57.056000+00:00,Binance public market-data API,BTCUSDT,BTC-260612-74000-C,call,2026-06-12T08:00:00+00:00,74000.0,5.556978518518519,0.0152245986808726,60577.10652174,21.291,20.0,25.0,25.0,0.704,0.704,0.69836199,0.71899831,0.0251,0.42948871515171144,365,0.8186095475910811,0.42948871515171144,0.4597891785772359,0.46394739697642895
2026-06-06T18:37:57.056000+00:00,Binance public market-data API,BTCUSDT,BTC-260612-75000-C,call,2026-06-12T08:00:00+00:00,75000.0,5.556978518518519,0.0152245986808726,60577.10652174,19.459,20.0,25.0,25.0,0.736,0.736,0.7385391,0.7600683,0.0251,0.42948871515171144,365,0.8076947536232001,0.42948871515171144,0.4597891785772359,0.46394739697642895
2026-06-06T18:37:57.056000+00:00,Binance public market-data API,BTCUSDT,BTC-260612-76000-C,call,2026-06-12T08:00:00+00:00,76000.0,5.556978518518519,0.0152245986808726,60577.10652174,16.004,20.0,25.0,20.0,0.757,0.757,0.77788413,0.80027699,0.0251,0.42948871515171144,365,0.7970671910755264,0.42948871515171144,0.4597891785772359,0.46394739697642895
2026-06-06T18:37:57.056000+00:00,Binance public market-data API,BTCUSDT,BTC-260612-77000-C,call,2026-06-12T08:00:00+00:00,77000.0,5.556978518518519,0.0152245986808726,60577.10652174,14.883,15.0,20.0,25.0,0.788,0.788,0.78871906,0.81644058,0.0251,0.42948871515171144,365,0.7867156691135065,0.42948871515171144,0.4597891785772359,0.46394739697642895
2026-06-06T18:37:57.056000+00:00,Binance public market-data API,BTCUSDT,BTC-260612-78000-C,call,2026-06-12T08:00:00+00:00,78000.0,5.556978518518519,0.0152245986808726,60577.10652174,12.982,15.0,20.0,15.0,0.812,0.812,0.82553804,0.8542484,0.0251,0.42948871515171144,365,0.7766295707915385,0.42948871515171144,0.4597891785772359,0.46394739697642895
2026-06-06T18:37:57.056000+00:00,Binance public market-data API,BTCUSDT,BTC-260612-79000-C,call,2026-06-12T08:00:00+00:00,79000.0,5.556978518518519,0.0152245986808726,60577.10652174,11.963,15.0,20.0,15.0,0.84,0.84,0.86167037,0.89134276,0.0251,0.42948871515171144,365,0.7667988167308861,0.42948871515171144,0.4597891785772359,0.46394739697642895
2026-06-06T18:37:57.056000+00:00,Binance public market-data API,BTCUSDT,BTC-260612-80000-C,call,2026-06-12T08:00:00+00:00,80000.0,5.556978518518519,0.0152245986808726,60577.10652174,11.019,10.0,15.0,15.0,0.867,0.867,0.85802734,0.89714825,0.0251,0.42948871515171144,365,0.75721383152175,0.42948871515171144,0.4597891785772359,0.46394739697642895
2026-06-06T18:37:57.056000+00:00,Binance public market-data API,BTCUSDT,BTC-260612-81000-C,call,2026-06-12T08:00:00+00:00,81000.0,5.556978518518519,0.0152245986808726,60577.10652174,9.613,10.0,15.0,15.0,0.888,0.888,0.89168489,0.93199909,0.0251,0.42948871515171144,365,0.7478655126140741,0.42948871515171144,0.4597891785772359,0.46394739697642895
2026-06-06T18:37:57.056000+00:00,Binance public market-data API,BTCUSDT,BTC-260612-82000-C,call,2026-06-12T08:00:00+00:00,82000.0,5.556978518518519,0.0152245986808726,60577.10652174,8.65,10.0,15.0,15.0,0.911,0.911,0.92477143,0.9662503,0.0251,0.42948871515171144,365,0.7387452014846342,0.42948871515171144,0.4597891785772359,0.46394739697642895
2026-06-06T18:37:57.056000+00:00,Binance public market-data API,BTCUSDT,BTC-260612-84000-C,call,2026-06-12T08:00:00+00:00,84000.0,5.556978518518519,0.0152245986808726,60577.10652174,7.264,5.0,15.0,10.0,0.958,0.958,0.92442274,1.03304207,0.0251,0.42948871515171144,365,0.7211560300207143,0.42948871515171144,0.4597891785772359,0.46394739697642895
2026-06-06T18:37:57.056000+00:00,Binance public market-data API,BTCUSDT,BTC-260612-86000-C,call,2026-06-12T08:00:00+00:00,86000.0,5.556978518518519,0.0152245986808726,60577.10652174,6.033,5.0,10.0,5.0,1.001,1.001,0.98364413,1.05182707,0.0251,0.42948871515171144,365,0.7043849595551163,0.42948871515171144,0.4597891785772359,0.46394739697642895
2026-06-06T18:37:57.056000+00:00,Binance public market-data API,BTCUSDT,BTC-260612-90000-C,call,2026-06-12T08:00:00+00:00,90000.0,5.556978518518519,0.0152245986808726,60577.10652174,4.377,5.0,10.0,10.0,1.084,1.084,1.09691083,1.1712712,0.0251,0.42948871515171144,365,0.6730789613526666,0.42948871515171144,0.4597891785772359,0.46394739697642895
2026-06-06T18:37:57.056000+00:00,Binance public market-data API,BTCUSDT,BTC-260612-53000-P,put,2026-06-12T08:00:00+00:00,53000.0,5.556978518518519,0.0152245986808726,60577.10652174,218.179,220.0,225.0,215.0,0.794,0.794,0.79566181,0.80019534,0.0251,0.42948871515171144,365,1.1429642739950945,0.42948871515171144,0.4597891785772359,0.46394739697642895
2026-06-06T18:37:57.056000+00:00,Binance public market-data API,BTCUSDT,BTC-260612-55000-P,put,2026-06-12T08:00:00+00:00,55000.0,5.556978518518519,0.0152245986808726,60577.10652174,371.727,375.0,380.0,370.0,0.729,0.729,0.73105872,0.73419034,0.0251,0.42948871515171144,365,1.1014019367589092,0.42948871515171144,0.4597891785772359,0.46394739697642895
2026-06-06T18:37:57.056000+00:00,Binance public market-data API,BTCUSDT,BTC-260612-57000-P,put,2026-06-12T08:00:00+00:00,57000.0,5.556978518518519,0.0152245986808726,60577.10652174,640.269,640.0,645.0,650.0,0.667,0.667,0.66687703,0.66915751,0.0251,0.42948871515171144,365,1.0627562547673686,0.42948871515171144,0.4597891785772359,0.46394739697642895
2026-06-06T18:37:57.056000+00:00,Binance public market-data API,BTCUSDT,BTC-260612-58000-P,put,2026-06-12T08:00:00+00:00,58000.0,5.556978518518519,0.0152245986808726,60577.10652174,842.89,840.0,845.0,815.0,0.638,0.638,0.63684165,0.63884497,0.0251,0.42948871515171144,365,1.0444328710644828,0.42948871515171144,0.4597891785772359,0.46394739697642895
2026-06-06T18:37:57.056000+00:00,Binance public market-data API,BTCUSDT,BTC-260612-59000-P,put,2026-06-12T08:00:00+00:00,59000.0,5.556978518518519,0.0152245986808726,60577.10652174,1106.879,1105.0,1110.0,1080.0,0.61,0.61,0.60931921,0.61113,0.0251,0.42948871515171144,365,1.0267306190125425,0.42948871515171144,0.4597891785772359,0.46394739697642895
2026-06-06T18:37:57.056000+00:00,Binance public market-data API,BTCUSDT,BTC-260612-60000-P,put,2026-06-12T08:00:00+00:00,60000.0,5.556978518518519,0.0152245986808726,60577.10652174,1451.838,1445.0,1450.0,1415.0,0.585,0.585,0.58267117,0.58437347,0.0251,0.42948871515171144,365,1.009618442029,0.42948871515171144,0.4597891785772359,0.46394739697642895
2026-06-06T18:37:57.056000+00:00,Binance public market-data API,BTCUSDT,BTC-260612-61000-P,put,2026-06-12T08:00:00+00:00,61000.0,5.556978518518519,0.0152245986808726,60577.10652174,1885.373,1885.0,1890.0,1855.0,0.561,0.561,0.56087494,0.56423426,0.0251,0.42948871515171144,365,0.9930673200285246,0.42948871515171144,0.4597891785772359,0.46394739697642895
2026-06-06T18:37:57.056000+00:00,Binance public market-data API,BTCUSDT,BTC-260612-62000-P,put,2026-06-12T08:00:00+00:00,62000.0,5.556978518518519,0.0152245986808726,60577.10652174,2428.478,2420.0,2455.0,2275.0,0.542,0.542,0.53901792,0.54780602,0.0251,0.42948871515171144,365,0.9770501051893548,0.42948871515171144,0.4597891785772359,0.46394739697642895
2026-06-06T18:37:57.056000+00:00,Binance public market-data API,BTCUSDT,BTC-260612-63000-P,put,2026-06-12T08:00:00+00:00,63000.0,5.556978518518519,0.0152245986808726,60577.10652174,3084.207,3015.0,5455.0,2900.0,0.529,0.529,0.49753904,1.36844873,0.0251,0.42948871515171144,365,0.9615413733609524,0.42948871515171144,0.4597891785772359,0.46394739697642895
2026-06-06T18:37:57.056000+00:00,Binance public market-data API,BTCUSDT,BTC-260612-64000-P,put,2026-06-12T08:00:00+00:00,64000.0,5.556978518518519,0.0152245986808726,60577.10652174,3839.124,3765.0,5120.0,3400.0,0.521,0.521,0.48537016,1.02255344,0.0251,0.42948871515171144,365,0.9465172894021876,0.42948871515171144,0.4597891785772359,0.46394739697642895
2026-06-06T18:37:57.056000+00:00,Binance public market-data API,BTCUSDT,BTC-260612-65000-P,put,2026-06-12T08:00:00+00:00,65000.0,5.556978518518519,0.0152245986808726,60577.10652174,4678.375,4615.0,13500.0,5450.0,0.52,0.52,0.48087597,3.64454269,0.0251,0.42948871515171144,365,0.931955484949846,0.42948871515171144,0.4597891785772359,0.46394739697642895
2026-06-06T18:37:57.056000+00:00,Binance public market-data API,BTCUSDT,BTC-260612-66000-P,put,2026-06-12T08:00:00+00:00,66000.0,5.556978518518519,0.0152245986808726,60577.10652174,5575.866,5510.0,5705.0,6060.0,0.524,0.524,0.46792984,0.61142921,0.0251,0.42948871515171144,365,0.917834947299091,0.42948871515171144,0.4597891785772359,0.46394739697642895
2026-06-06T18:37:57.056000+00:00,Binance public market-data API,BTCUSDT,BTC-260612-67000-P,put,2026-06-12T08:00:00+00:00,67000.0,5.556978518518519,0.0152245986808726,60577.10652174,6514.743,5855.0,13350.0,5400.0,0.535,0.535,6e-07,3.15092087,0.0251,0.42948871515171144,365,0.9041359182349256,0.42948871515171144,0.4597891785772359,0.46394739697642895
2026-06-06T18:37:57.056000+00:00,Binance public market-data API,BTCUSDT,BTC-260612-68000-P,put,2026-06-12T08:00:00+00:00,68000.0,5.556978518518519,0.0152245986808726,60577.10652174,7479.994,6770.0,8195.0,8320.0,0.554,0.554,6e-07,1.02510452,0.0251,0.42948871515171144,365,0.8908398017902942,0.42948871515171144,0.4597891785772359,0.46394739697642895
2026-06-06T18:37:57.056000+00:00,Binance public market-data API,BTCUSDT,BTC-260612-69000-P,put,2026-06-12T08:00:00+00:00,69000.0,5.556978518518519,0.0152245986808726,60577.10652174,8457.247,7685.0,9325.0,6380.0,0.575,0.575,6e-07,1.16591454,0.0251,0.42948871515171144,365,0.8779290800252174,0.42948871515171144,0.4597891785772359,0.46394739697642895
2026-06-06T18:37:57.056000+00:00,Binance public market-data API,BTCUSDT,BTC-260612-70000-P,put,2026-06-12T08:00:00+00:00,70000.0,5.556978518518519,0.0152245986808726,60577.10652174,9442.669,8625.0,10420.0,9030.0,0.599,0.599,6e-07,1.28827095,0.0251,0.42948871515171144,365,0.8653872360248572,0.42948871515171144,0.4597891785772359,0.46394739697642895
2026-06-06T18:37:57.056000+00:00,Binance public market-data API,BTCUSDT,BTC-260612-71000-P,put,2026-06-12T08:00:00+00:00,71000.0,5.556978518518519,0.0152245986808726,60577.10652174,10431.33,9515.0,11475.0,7470.0,0.621,0.621,6e-07,1.38999939,0.0251,0.42948871515171144,365,0.8531986834047888,0.42948871515171144,0.4597891785772359,0.46394739697642895
2026-06-06T18:37:57.056000+00:00,Binance public market-data API,BTCUSDT,BTC-260612-72000-P,put,2026-06-12T08:00:00+00:00,72000.0,5.556978518518519,0.0152245986808726,60577.10652174,11423.969,10455.0,12610.0,11065.0,0.646,0.646,6e-07,1.52798653,0.0251,0.42948871515171144,365,0.8413487016908334,0.42948871515171144,0.4597891785772359,0.46394739697642895
2026-06-06T18:37:57.056000+00:00,Binance public market-data API,BTCUSDT,BTC-260612-73000-P,put,2026-06-12T08:00:00+00:00,73000.0,5.556978518518519,0.0152245986808726,60577.10652174,12420.549,11360.0,13705.0,9800.0,0.679,0.679,6e-07,1.64545059,0.0251,0.42948871515171144,365,0.829823377010137,0.42948871515171144,0.4597891785772359,0.46394739697642895
2026-06-06T18:37:57.056000+00:00,Binance public market-data API,BTCUSDT,BTC-260612-74000-P,put,2026-06-12T08:00:00+00:00,74000.0,5.556978518518519,0.0152245986808726,60577.10652174,13415.911,12260.0,14860.0,13070.0,0.704,0.704,6e-07,1.78915977,0.0251,0.42948871515171144,365,0.8186095475910811,0.42948871515171144,0.4597891785772359,0.46394739697642895
2026-06-06T18:37:57.056000+00:00,Binance public market-data API,BTCUSDT,BTC-260612-75000-P,put,2026-06-12T08:00:00+00:00,75000.0,5.556978518518519,0.0152245986808726,60577.10652174,14413.698,13175.0,15900.0,9400.0,0.736,0.736,6e-07,1.87818527,0.0251,0.42948871515171144,365,0.8076947536232001,0.42948871515171144,0.4597891785772359,0.46394739697642895
2026-06-06T18:37:57.056000+00:00,Binance public market-data API,BTCUSDT,BTC-260612-76000-P,put,2026-06-12T08:00:00+00:00,76000.0,5.556978518518519,0.0152245986808726,60577.10652174,15409.861,14090.0,17170.0,12400.0,0.757,0.757,6e-07,2.0706749,0.0251,0.42948871515171144,365,0.7970671910755264,0.42948871515171144,0.4597891785772359,0.46394739697642895
2026-06-06T18:37:57.056000+00:00,Binance public market-data API,BTCUSDT,BTC-260612-77000-P,put,2026-06-12T08:00:00+00:00,77000.0,5.556978518518519,0.0152245986808726,60577.10652174,16408.357,15005.0,18090.0,10560.0,0.788,0.788,6e-07,2.10285187,0.0251,0.42948871515171144,365,0.7867156691135065,0.42948871515171144,0.4597891785772359,0.46394739697642895
2026-06-06T18:37:57.056000+00:00,Binance public market-data API,BTCUSDT,BTC-260612-78000-P,put,2026-06-12T08:00:00+00:00,78000.0,5.556978518518519,0.0152245986808726,60577.10652174,17406.074,15920.0,19185.0,5885.0,0.812,0.812,6e-07,2.21315384,0.0251,0.42948871515171144,365,0.7766295707915385,0.42948871515171144,0.4597891785772359,0.46394739697642895
2026-06-06T18:37:57.056000+00:00,Binance public market-data API,BTCUSDT,BTC-260612-79000-P,put,2026-06-12T08:00:00+00:00,79000.0,5.556978518518519,0.0152245986808726,60577.10652174,18404.673,16835.0,20280.0,5585.0,0.84,0.84,6e-07,2.32213974,0.0251,0.42948871515171144,365,0.7667988167308861,0.42948871515171144,0.4597891785772359,0.46394739697642895
2026-06-06T18:37:57.056000+00:00,Binance public market-data API,BTCUSDT,BTC-260612-80000-P,put,2026-06-12T08:00:00+00:00,80000.0,5.556978518518519,0.0152245986808726,60577.10652174,19403.347,17750.0,21375.0,13985.0,0.867,0.867,6e-07,2.42984772,0.0251,0.42948871515171144,365,0.75721383152175,0.42948871515171144,0.4597891785772359,0.46394739697642895
2026-06-06T18:37:57.056000+00:00,Binance public market-data API,BTCUSDT,BTC-260612-81000-P,put,2026-06-12T08:00:00+00:00,81000.0,5.556978518518519,0.0152245986808726,60577.10652174,20401.56,18665.0,22470.0,5910.0,0.888,0.888,6e-07,2.53633499,0.0251,0.42948871515171144,365,0.7478655126140741,0.42948871515171144,0.4597891785772359,0.46394739697642895
2026-06-06T18:37:57.056000+00:00,Binance public market-data API,BTCUSDT,BTC-260612-82000-P,put,2026-06-12T08:00:00+00:00,82000.0,5.556978518518519,0.0152245986808726,60577.10652174,21400.214,19580.0,23565.0,9255.0,0.911,0.911,6e-07,2.64162064,0.0251,0.42948871515171144,365,0.7387452014846342,0.42948871515171144,0.4597891785772359,0.46394739697642895
2026-06-06T18:37:57.056000+00:00,Binance public market-data API,BTCUSDT,BTC-260612-84000-P,put,2026-06-12T08:00:00+00:00,84000.0,5.556978518518519,0.0152245986808726,60577.10652174,23398.064,21410.0,25755.0,7785.0,0.958,0.958,6e-07,2.84870148,0.0251,0.42948871515171144,365,0.7211560300207143,0.42948871515171144,0.4597891785772359,0.46394739697642895
2026-06-06T18:37:57.056000+00:00,Binance public market-data API,BTCUSDT,BTC-260612-86000-P,put,2026-06-12T08:00:00+00:00,86000.0,5.556978518518519,0.0152245986808726,60577.10652174,25396.069,5.0,0.0,14225.0,1.001,1.001,6e-07,-1.0,0.0251,0.42948871515171144,365,0.7043849595551163,0.42948871515171144,0.4597891785772359,0.46394739697642895
2026-06-06T18:37:57.056000+00:00,Binance public market-data API,BTCUSDT,BTC-260612-90000-P,put,2026-06-12T08:00:00+00:00,90000.0,5.556978518518519,0.0152245986808726,60577.10652174,29392.885,5.0,0.0,17215.0,1.084,1.084,6e-07,-1.0,0.0251,0.42948871515171144,365,0.6730789613526666,0.42948871515171144,0.4597891785772359,0.46394739697642895
2026-06-06T18:37:57.056000+00:00,Binance public market-data API,BTCUSDT,BTC-260619-53000-C,call,2026-06-19T08:00:00+00:00,53000.0,12.556978518518518,0.0344026808726534,60577.10652174,8076.104,0.0,0.0,0.0,0.645,0.645,-1.0,-1.0,0.0319,0.42948871515171144,365,1.1429642739950945,0.42948871515171144,0.4597891785772359,0.46394739697642895
2026-06-06T18:37:57.056000+00:00,Binance public market-data API,BTCUSDT,BTC-260619-55000-C,call,2026-06-19T08:00:00+00:00,55000.0,12.556978518518518,0.0344026808726534,60577.10652174,6317.031,6180.0,6420.0,0.0,0.603,0.603,0.55433273,0.63765049,0.0319,0.42948871515171144,365,1.1014019367589092,0.42948871515171144,0.4597891785772359,0.46394739697642895
2026-06-06T18:37:57.056000+00:00,Binance public market-data API,BTCUSDT,BTC-260619-56000-C,call,2026-06-19T08:00:00+00:00,56000.0,12.556978518518518,0.0344026808726534,60577.10652174,5485.897,5345.0,5595.0,0.0,0.584,0.584,0.54012299,0.61676979,0.0319,0.42948871515171144,365,1.0817340450310715,0.42948871515171144,0.4597891785772359,0.46394739697642895
2026-06-06T18:37:57.056000+00:00,Binance public market-data API,BTCUSDT,BTC-260619-58000-C,call,2026-06-19T08:00:00+00:00,58000.0,12.556978518518518,0.0344026808726534,60577.10652174,3949.219,3820.0,4060.0,3910.0,0.548,0.548,0.51276207,0.57822227,0.0319,0.42948871515171144,365,1.0444328710644828,0.42948871515171144,0.4597891785772359,0.46394739697642895
2026-06-06T18:37:57.056000+00:00,Binance public market-data API,BTCUSDT,BTC-260619-59000-C,call,2026-06-19T08:00:00+00:00,59000.0,12.556978518518518,0.0344026808726534,60577.10652174,3262.795,3130.0,3375.0,2975.0,0.532,0.532,0.4982996,0.56071281,0.0319,0.42948871515171144,365,1.0267306190125425,0.42948871515171144,0.4597891785772359,0.46394739697642895
2026-06-06T18:37:57.056000+00:00,Binance public market-data API,BTCUSDT,BTC-260619-60000-C,call,2026-06-19T08:00:00+00:00,60000.0,12.556978518518518,0.0344026808726534,60577.10652174,2639.935,2615.0,2675.0,2860.0,0.517,0.517,0.50910592,0.52492142,0.0319,0.42948871515171144,365,1.009618442029,0.42948871515171144,0.4597891785772359,0.46394739697642895
2026-06-06T18:37:57.056000+00:00,Binance public market-data API,BTCUSDT,BTC-260619-61000-C,call,2026-06-19T08:00:00+00:00,61000.0,12.556978518518518,0.0344026808726534,60577.10652174,2082.452,2080.0,2090.0,2290.0,0.502,0.502,0.50145268,0.50368428,0.0319,0.42948871515171144,365,0.9930673200285246,0.42948871515171144,0.4597891785772359,0.46394739697642895
2026-06-06T18:37:57.056000+00:00,Binance public market-data API,BTCUSDT,BTC-260619-62000-C,call,2026-06-19T08:00:00+00:00,62000.0,12.556978518518518,0.0344026808726534,60577.10652174,1608.133,1605.0,1615.0,1565.0,0.49,0.49,0.48928738,0.49156189,0.0319,0.42948871515171144,365,0.9770501051893548,0.42948871515171144,0.4597891785772359,0.46394739697642895
2026-06-06T18:37:57.056000+00:00,Binance public market-data API,BTCUSDT,BTC-260619-63000-C,call,2026-06-19T08:00:00+00:00,63000.0,12.556978518518518,0.0344026808726534,60577.10652174,1213.569,1210.0,1220.0,1260.0,0.48,0.48,0.47914267,0.4803437,0.0319,0.42948871515171144,365,0.9615413733609524,0.42948871515171144,0.4597891785772359,0.46394739697642895
2026-06-06T18:37:57.056000+00:00,Binance public market-data API,BTCUSDT,BTC-260619-64000-C,call,2026-06-19T08:00:00+00:00,64000.0,12.556978518518518,0.0344026808726534,60577.10652174,899.617,895.0,900.0,880.0,0.473,0.473,0.47178745,0.47441185,0.0319,0.42948871515171144,365,0.9465172894021876,0.42948871515171144,0.4597891785772359,0.46394739697642895
2026-06-06T18:37:57.056000+00:00,Binance public market-data API,BTCUSDT,BTC-260619-65000-C,call,2026-06-19T08:00:00+00:00,65000.0,12.556978518518518,0.0344026808726534,60577.10652174,654.978,650.0,655.0,640.0,0.468,0.468,0.46652079,0.46800673,0.0319,0.42948871515171144,365,0.931955484949846,0.42948871515171144,0.4597891785772359,0.46394739697642895
2026-06-06T18:37:57.056000+00:00,Binance public market-data API,BTCUSDT,BTC-260619-66000-C,call,2026-06-19T08:00:00+00:00,66000.0,12.556978518518518,0.0344026808726534,60577.10652174,473.073,470.0,475.0,460.0,0.466,0.466,0.4649359,0.46666563,0.0319,0.42948871515171144,365,0.917834947299091,0.42948871515171144,0.4597891785772359,0.46394739697642895
2026-06-06T18:37:57.056000+00:00,Binance public market-data API,BTCUSDT,BTC-260619-67000-C,call,2026-06-19T08:00:00+00:00,67000.0,12.556978518518518,0.0344026808726534,60577.10652174,341.774,330.0,335.0,360.0,0.467,0.467,0.46211541,0.46419799,0.0319,0.42948871515171144,365,0.9041359182349256,0.42948871515171144,0.4597891785772359,0.46394739697642895
2026-06-06T18:37:57.056000+00:00,Binance public market-data API,BTCUSDT,BTC-260619-68000-C,call,2026-06-19T08:00:00+00:00,68000.0,12.556978518518518,0.0344026808726534,60577.10652174,245.279,240.0,245.0,270.0,0.469,0.469,0.46633959,0.46886027,0.0319,0.42948871515171144,365,0.8908398017902942,0.42948871515171144,0.4597891785772359,0.46394739697642895
2026-06-06T18:37:57.056000+00:00,Binance public market-data API,BTCUSDT,BTC-260619-69000-C,call,2026-06-19T08:00:00+00:00,69000.0,12.556978518518518,0.0344026808726534,60577.10652174,180.386,170.0,175.0,210.0,0.475,0.475,0.46854436,0.47167599,0.0319,0.42948871515171144,365,0.8779290800252174,0.42948871515171144,0.4597891785772359,0.46394739697642895
2026-06-06T18:37:57.056000+00:00,Binance public market-data API,BTCUSDT,BTC-260619-70000-C,call,2026-06-19T08:00:00+00:00,70000.0,12.556978518518518,0.0344026808726534,60577.10652174,134.908,130.0,135.0,150.0,0.483,0.483,0.47928393,0.48306882,0.0319,0.42948871515171144,365,0.8653872360248572,0.42948871515171144,0.4597891785772359,0.46394739697642895
2026-06-06T18:37:57.056000+00:00,Binance public market-data API,BTCUSDT,BTC-260619-71000-C,call,2026-06-19T08:00:00+00:00,71000.0,12.556978518518518,0.0344026808726534,60577.10652174,104.322,100.0,105.0,115.0,0.494,0.494,0.49003184,0.49461365,0.0319,0.42948871515171144,365,0.8531986834047888,0.42948871515171144,0.4597891785772359,0.46394739697642895
2026-06-06T18:37:57.056000+00:00,Binance public market-data API,BTCUSDT,BTC-260619-72000-C,call,2026-06-19T08:00:00+00:00,72000.0,12.556978518518518,0.0344026808726534,60577.10652174,83.044,80.0,85.0,95.0,0.507,0.507,0.50366223,0.50910652,0.0319,0.42948871515171144,365,0.8413487016908334,0.42948871515171144,0.4597891785772359,0.46394739697642895
2026-06-06T18:37:57.056000+00:00,Binance public market-data API,BTCUSDT,BTC-260619-73000-C,call,2026-06-19T08:00:00+00:00,73000.0,12.556978518518518,0.0344026808726534,60577.10652174,66.727,65.0,70.0,75.0,0.52,0.52,0.51774919,0.52416861,0.0319,0.42948871515171144,365,0.829823377010137,0.42948871515171144,0.4597891785772359,0.46394739697642895
2026-06-06T18:37:57.056000+00:00,Binance public market-data API,BTCUSDT,BTC-260619-74000-C,call,2026-06-19T08:00:00+00:00,74000.0,12.556978518518518,0.0344026808726534,60577.10652174,55.438,50.0,55.0,70.0,0.535,0.535,0.5265075,0.53433478,0.0319,0.42948871515171144,365,0.8186095475910811,0.42948871515171144,0.4597891785772359,0.46394739697642895
2026-06-06T18:37:57.056000+00:00,Binance public market-data API,BTCUSDT,BTC-260619-75000-C,call,2026-06-19T08:00:00+00:00,75000.0,12.556978518518518,0.0344026808726534,60577.10652174,45.995,45.0,50.0,60.0,0.549,0.549,0.54722369,0.55590332,0.0319,0.42948871515171144,365,0.8076947536232001,0.42948871515171144,0.4597891785772359,0.46394739697642895
2026-06-06T18:37:57.056000+00:00,Binance public market-data API,BTCUSDT,BTC-260619-76000-C,call,2026-06-19T08:00:00+00:00,76000.0,12.556978518518518,0.0344026808726534,60577.10652174,38.542,40.0,45.0,60.0,0.563,0.563,0.56597054,0.57565272,0.0319,0.42948871515171144,365,0.7970671910755264,0.42948871515171144,0.4597891785772359,0.46394739697642895
2026-06-06T18:37:57.056000+00:00,Binance public market-data API,BTCUSDT,BTC-260619-77000-C,call,2026-06-19T08:00:00+00:00,77000.0,12.556978518518518,0.0344026808726534,60577.10652174,33.457,35.0,40.0,40.0,0.579,0.579,0.58256924,0.59346139,0.0319,0.42948871515171144,365,0.7867156691135065,0.42948871515171144,0.4597891785772359,0.46394739697642895
2026-06-06T18:37:57.056000+00:00,Binance public market-data API,BTCUSDT,BTC-260619-78000-C,call,2026-06-19T08:00:00+00:00,78000.0,12.556978518518518,0.0344026808726534,60577.10652174,30.097,30.0,35.0,40.0,0.597,0.597,0.59674442,0.60914099,0.0319,0.42948871515171144,365,0.7766295707915385,0.42948871515171144,0.4597891785772359,0.46394739697642895
2026-06-06T18:37:57.056000+00:00,Binance public market-data API,BTCUSDT,BTC-260619-80000-C,call,2026-06-19T08:00:00+00:00,80000.0,12.556978518518518,0.0344026808726534,60577.10652174,24.431,25.0,30.0,40.0,0.631,0.631,0.63280642,0.64758718,0.0319,0.42948871515171144,365,0.75721383152175,0.42948871515171144,0.4597891785772359,0.46394739697642895
2026-06-06T18:37:57.056000+00:00,Binance public market-data API,BTCUSDT,BTC-260619-85000-C,call,2026-06-19T08:00:00+00:00,85000.0,12.556978518518518,0.0344026808726534,60577.10652174,16.484,20.0,25.0,20.0,0.715,0.715,0.7308048,0.7501775,0.0319,0.42948871515171144,365,0.7126718414322353,0.42948871515171144,0.4597891785772359,0.46394739697642895
2026-06-06T18:37:57.056000+00:00,Binance public market-data API,BTCUSDT,BTC-260619-53000-P,put,2026-06-19T08:00:00+00:00,53000.0,12.556978518518518,0.0344026808726534,60577.10652174,440.865,445.0,450.0,420.0,0.645,0.645,0.64686,0.64910054,0.0319,0.42948871515171144,365,1.1429642739950945,0.42948871515171144,0.4597891785772359,0.46394739697642895
2026-06-06T18:37:57.056000+00:00,Binance public market-data API,BTCUSDT,BTC-260619-55000-P,put,2026-06-19T08:00:00+00:00,55000.0,12.556978518518518,0.0344026808726534,60577.10652174,679.598,680.0,685.0,645.0,0.603,0.603,0.60313761,0.60485363,0.0319,0.42948871515171144,365,1.1014019367589092,0.42948871515171144,0.4597891785772359,0.46394739697642895
2026-06-06T18:37:57.056000+00:00,Binance public market-data API,BTCUSDT,BTC-260619-56000-P,put,2026-06-19T08:00:00+00:00,56000.0,12.556978518518518,0.0344026808726534,60577.10652174,847.367,845.0,850.0,800.0,0.584,0.584,0.58327854,0.58480203,0.0319,0.42948871515171144,365,1.0817340450310715,0.42948871515171144,0.4597891785772359,0.46394739697642895
2026-06-06T18:37:57.056000+00:00,Binance public market-data API,BTCUSDT,BTC-260619-58000-P,put,2026-06-19T08:00:00+00:00,58000.0,12.556978518518518,0.0344026808726534,60577.10652174,1308.495,1305.0,1310.0,1245.0,0.548,0.548,0.54712057,0.54837823,0.0319,0.42948871515171144,365,1.0444328710644828,0.42948871515171144,0.4597891785772359,0.46394739697642895
2026-06-06T18:37:57.056000+00:00,Binance public market-data API,BTCUSDT,BTC-260619-59000-P,put,2026-06-19T08:00:00+00:00,59000.0,12.556978518518518,0.0344026808726534,60577.10652174,1620.975,1620.0,1625.0,1590.0,0.532,0.532,0.53176999,0.53294718,0.0319,0.42948871515171144,365,1.0267306190125425,0.42948871515171144,0.4597891785772359,0.46394739697642895
2026-06-06T18:37:57.056000+00:00,Binance public market-data API,BTCUSDT,BTC-260619-60000-P,put,2026-06-19T08:00:00+00:00,60000.0,12.556978518518518,0.0344026808726534,60577.10652174,1997.018,1995.0,2000.0,1885.0,0.517,0.517,0.51654398,0.51767349,0.0319,0.42948871515171144,365,1.009618442029,0.42948871515171144,0.4597891785772359,0.46394739697642895
2026-06-06T18:37:57.056000+00:00,Binance public market-data API,BTCUSDT,BTC-260619-61000-P,put,2026-06-19T08:00:00+00:00,61000.0,12.556978518518518,0.0344026808726534,60577.10652174,2438.438,2425.0,2450.0,2390.0,0.502,0.502,0.49900174,0.50457954,0.0319,0.42948871515171144,365,0.9930673200285246,0.42948871515171144,0.4597891785772359,0.46394739697642895
2026-06-06T18:37:57.056000+00:00,Binance public market-data API,BTCUSDT,BTC-260619-62000-P,put,2026-06-19T08:00:00+00:00,62000.0,12.556978518518518,0.0344026808726534,60577.10652174,2963.022,2885.0,3055.0,2755.0,0.49,0.49,0.47109008,0.51203609,0.0319,0.42948871515171144,365,0.9770501051893548,0.42948871515171144,0.4597891785772359,0.46394739697642895
2026-06-06T18:37:57.056000+00:00,Binance public market-data API,BTCUSDT,BTC-260619-63000-P,put,2026-06-19T08:00:00+00:00,63000.0,12.556978518518518,0.0344026808726534,60577.10652174,3567.362,3485.0,3720.0,3810.0,0.48,0.48,0.45772314,0.51879048,0.0319,0.42948871515171144,365,0.9615413733609524,0.42948871515171144,0.4597891785772359,0.46394739697642895
2026-06-06T18:37:57.056000+00:00,Binance public market-data API,BTCUSDT,BTC-260619-64000-P,put,2026-06-19T08:00:00+00:00,64000.0,12.556978518518518,0.0344026808726534,60577.10652174,4252.312,4170.0,4415.0,3325.0,0.473,0.473,0.44986248,0.51505089,0.0319,0.42948871515171144,365,0.9465172894021876,0.42948871515171144,0.4597891785772359,0.46394739697642895
2026-06-06T18:37:57.056000+00:00,Binance public market-data API,BTCUSDT,BTC-260619-65000-P,put,2026-06-19T08:00:00+00:00,65000.0,12.556978518518518,0.0344026808726534,60577.10652174,5006.577,4920.0,15500.0,4735.0,0.468,0.468,0.44181347,2.87995338,0.0319,0.42948871515171144,365,0.931955484949846,0.42948871515171144,0.4597891785772359,0.46394739697642895
2026-06-06T18:37:57.056000+00:00,Binance public market-data API,BTCUSDT,BTC-260619-66000-P,put,2026-06-19T08:00:00+00:00,66000.0,12.556978518518518,0.0344026808726534,60577.10652174,5823.575,5745.0,5970.0,5300.0,0.466,0.466,0.437994,0.51438332,0.0319,0.42948871515171144,365,0.917834947299091,0.42948871515171144,0.4597891785772359,0.46394739697642895
2026-06-06T18:37:57.056000+00:00,Binance public market-data API,BTCUSDT,BTC-260619-67000-P,put,2026-06-19T08:00:00+00:00,67000.0,12.556978518518518,0.0344026808726534,60577.10652174,6691.179,6615.0,6845.0,4690.0,0.467,0.467,0.43401718,0.5257988,0.0319,0.42948871515171144,365,0.9041359182349256,0.42948871515171144,0.4597891785772359,0.46394739697642895
2026-06-06T18:37:57.056000+00:00,Binance public market-data API,BTCUSDT,BTC-260619-68000-P,put,2026-06-19T08:00:00+00:00,68000.0,12.556978518518518,0.0344026808726534,60577.10652174,7593.587,7525.0,7740.0,8660.0,0.469,0.469,0.43200016,0.53488731,0.0319,0.42948871515171144,365,0.8908398017902942,0.42948871515171144,0.4597891785772359,0.46394739697642895
2026-06-06T18:37:57.056000+00:00,Binance public market-data API,BTCUSDT,BTC-260619-69000-P,put,2026-06-19T08:00:00+00:00,69000.0,12.556978518518518,0.0344026808726534,60577.10652174,8527.598,7690.0,9345.0,8895.0,0.475,0.475,6e-07,0.79460621,0.0319,0.42948871515171144,365,0.8779290800252174,0.42948871515171144,0.4597891785772359,0.46394739697642895
2026-06-06T18:37:57.056000+00:00,Binance public market-data API,BTCUSDT,BTC-260619-70000-P,put,2026-06-19T08:00:00+00:00,70000.0,12.556978518518518,0.0344026808726534,60577.10652174,9481.023,8605.0,10415.0,9140.0,0.483,0.483,6e-07,0.86850166,0.0319,0.42948871515171144,365,0.8653872360248572,0.42948871515171144,0.4597891785772359,0.46394739697642895
2026-06-06T18:37:57.056000+00:00,Binance public market-data API,BTCUSDT,BTC-260619-71000-P,put,2026-06-19T08:00:00+00:00,71000.0,12.556978518518518,0.0344026808726534,60577.10652174,10449.339,9530.0,11510.0,7620.0,0.494,0.494,6e-07,0.94897747,0.0319,0.42948871515171144,365,0.8531986834047888,0.42948871515171144,0.4597891785772359,0.46394739697642895
2026-06-06T18:37:57.056000+00:00,Binance public market-data API,BTCUSDT,BTC-260619-72000-P,put,2026-06-19T08:00:00+00:00,72000.0,12.556978518518518,0.0344026808726534,60577.10652174,11426.964,10435.0,12605.0,9835.0,0.507,0.507,6e-07,1.02836609,0.0319,0.42948871515171144,365,0.8413487016908334,0.42948871515171144,0.4597891785772359,0.46394739697642895
2026-06-06T18:37:57.056000+00:00,Binance public market-data API,BTCUSDT,BTC-260619-73000-P,put,2026-06-19T08:00:00+00:00,73000.0,12.556978518518518,0.0344026808726534,60577.10652174,12409.551,11350.0,13700.0,12115.0,0.52,0.52,6e-07,1.10669136,0.0319,0.42948871515171144,365,0.829823377010137,0.42948871515171144,0.4597891785772359,0.46394739697642895
2026-06-06T18:37:57.056000+00:00,Binance public market-data API,BTCUSDT,BTC-260619-74000-P,put,2026-06-19T08:00:00+00:00,74000.0,12.556978518518518,0.0344026808726534,60577.10652174,13397.166,12275.0,14795.0,10705.0,0.535,0.535,6e-07,1.18400574,0.0319,0.42948871515171144,365,0.8186095475910811,0.42948871515171144,0.4597891785772359,0.46394739697642895
2026-06-06T18:37:57.056000+00:00,Binance public market-data API,BTCUSDT,BTC-260619-75000-P,put,2026-06-19T08:00:00+00:00,75000.0,12.556978518518518,0.0344026808726534,60577.10652174,14386.625,13180.0,15895.0,4455.0,0.549,0.549,6e-07,1.26185417,0.0319,0.42948871515171144,365,0.8076947536232001,0.42948871515171144,0.4597891785772359,0.46394739697642895
2026-06-06T18:37:57.056000+00:00,Binance public market-data API,BTCUSDT,BTC-260619-76000-P,put,2026-06-19T08:00:00+00:00,76000.0,12.556978518518518,0.0344026808726534,60577.10652174,15378.076,14095.0,16990.0,4040.0,0.563,0.563,6e-07,1.33721352,0.0319,0.42948871515171144,365,0.7970671910755264,0.42948871515171144,0.4597891785772359,0.46394739697642895
2026-06-06T18:37:57.056000+00:00,Binance public market-data API,BTCUSDT,BTC-260619-77000-P,put,2026-06-19T08:00:00+00:00,77000.0,12.556978518518518,0.0344026808726534,60577.10652174,16371.893,15010.0,18085.0,5770.0,0.579,0.579,6e-07,1.4116478,0.0319,0.42948871515171144,365,0.7867156691135065,0.42948871515171144,0.4597891785772359,0.46394739697642895
2026-06-06T18:37:57.056000+00:00,Binance public market-data API,BTCUSDT,BTC-260619-78000-P,put,2026-06-19T08:00:00+00:00,78000.0,12.556978518518518,0.0344026808726534,60577.10652174,17367.437,15925.0,19180.0,5715.0,0.597,0.597,6e-07,1.48518562,0.0319,0.42948871515171144,365,0.7766295707915385,0.42948871515171144,0.4597891785772359,0.46394739697642895
2026-06-06T18:37:57.056000+00:00,Binance public market-data API,BTCUSDT,BTC-260619-80000-P,put,2026-06-19T08:00:00+00:00,80000.0,12.556978518518518,0.0344026808726534,60577.10652174,19359.577,17755.0,21370.0,8100.0,0.631,0.631,6e-07,1.62965775,0.0319,0.42948871515171144,365,0.75721383152175,0.42948871515171144,0.4597891785772359,0.46394739697642895
2026-06-06T18:37:57.056000+00:00,Binance public market-data API,BTCUSDT,BTC-260619-85000-P,put,2026-06-19T08:00:00+00:00,85000.0,12.556978518518518,0.0344026808726534,60577.10652174,24346.146,22330.0,26845.0,12225.0,0.715,0.715,6e-07,1.97683334,0.0319,0.42948871515171144,365,0.7126718414322353,0.42948871515171144,0.4597891785772359,0.46394739697642895
2026-06-06T18:37:57.056000+00:00,Binance public market-data API,BTCUSDT,BTC-260626-40000-C,call,2026-06-26T08:00:00+00:00,40000.0,19.55697851851852,0.0535807630644343,60577.10652174,20706.276,360.0,118785.0,24150.0,0.848,0.848,6e-07,9.9999994,0.0331,0.42948871515171144,365,1.5144276630435,0.42948871515171144,0.4597891785772359,0.46394739697642895
2026-06-06T18:37:57.056000+00:00,Binance public market-data API,BTCUSDT,BTC-260626-45000-C,call,2026-06-26T08:00:00+00:00,45000.0,19.55697851851852,0.0535807630644343,60577.10652174,15799.379,320.0,17240.0,22000.0,0.737,0.737,6e-07,1.38971329,0.0331,0.42948871515171144,365,1.3461579227053333,0.42948871515171144,0.4597891785772359,0.46394739697642895
2026-06-06T18:37:57.056000+00:00,Binance public market-data API,BTCUSDT,BTC-260626-50000-C,call,2026-06-26T08:00:00+00:00,50000.0,19.55697851851852,0.0535807630644343,60577.10652174,11025.866,270.0,120005.0,29910.0,0.638,0.638,6e-07,9.9999994,0.0331,0.42948871515171144,365,1.2115421304348,0.42948871515171144,0.4597891785772359,0.46394739697642895
2026-06-06T18:37:57.056000+00:00,Binance public market-data API,BTCUSDT,BTC-260626-55000-C,call,2026-06-26T08:00:00+00:00,55000.0,19.55697851851852,0.0535807630644343,60577.10652174,6611.353,2000.0,11030.0,9970.0,0.553,0.553,6e-07,1.48432732,0.0331,0.42948871515171144,365,1.1014019367589092,0.42948871515171144,0.4597891785772359,0.46394739697642895
2026-06-06T18:37:57.056000+00:00,Binance public market-data API,BTCUSDT,BTC-260626-58000-C,call,2026-06-26T08:00:00+00:00,58000.0,19.55697851851852,0.0535807630644343,60577.10652174,4335.288,10.0,4510.0,4400.0,0.511,0.511,6e-07,0.5452776,0.0331,0.42948871515171144,365,1.0444328710644828,0.42948871515171144,0.4597891785772359,0.46394739697642895
2026-06-06T18:37:57.056000+00:00,Binance public market-data API,BTCUSDT,BTC-260626-60000-C,call,2026-06-26T08:00:00+00:00,60000.0,19.55697851851852,0.0535807630644343,60577.10652174,3062.876,3055.0,3100.0,3070.0,0.487,0.487,0.48557401,0.49009919,0.0331,0.42948871515171144,365,1.009618442029,0.42948871515171144,0.4597891785772359,0.46394739697642895
2026-06-06T18:37:57.056000+00:00,Binance public market-data API,BTCUSDT,BTC-260626-61000-C,call,2026-06-26T08:00:00+00:00,61000.0,19.55697851851852,0.0535807630644343,60577.10652174,2513.865,2505.0,2520.0,2450.0,0.476,0.476,0.47441483,0.47709703,0.0331,0.42948871515171144,365,0.9930673200285246,0.42948871515171144,0.4597891785772359,0.46394739697642895
2026-06-06T18:37:57.056000+00:00,Binance public market-data API,BTCUSDT,BTC-260626-62000-C,call,2026-06-26T08:00:00+00:00,62000.0,19.55697851851852,0.0535807630644343,60577.10652174,2029.081,2025.0,2035.0,2110.0,0.466,0.466,0.46435952,0.46706915,0.0331,0.42948871515171144,365,0.9770501051893548,0.42948871515171144,0.4597891785772359,0.46394739697642895
2026-06-06T18:37:57.056000+00:00,Binance public market-data API,BTCUSDT,BTC-260626-64000-C,call,2026-06-26T08:00:00+00:00,64000.0,19.55697851851852,0.0535807630644343,60577.10652174,1269.74,1260.0,1270.0,1330.0,0.452,0.452,0.45006692,0.45304298,0.0331,0.42948871515171144,365,0.9465172894021876,0.42948871515171144,0.4597891785772359,0.46394739697642895
2026-06-06T18:37:57.056000+00:00,Binance public market-data API,BTCUSDT,BTC-260626-65000-C,call,2026-06-26T08:00:00+00:00,65000.0,19.55697851851852,0.0535807630644343,60577.10652174,984.054,980.0,985.0,1065.0,0.447,0.447,0.44612586,0.44720352,0.0331,0.42948871515171144,365,0.931955484949846,0.42948871515171144,0.4597891785772359,0.46394739697642895
2026-06-06T18:37:57.056000+00:00,Binance public market-data API,BTCUSDT,BTC-260626-66000-C,call,2026-06-26T08:00:00+00:00,66000.0,19.55697851851852,0.0535807630644343,60577.10652174,760.981,755.0,760.0,790.0,0.445,0.445,0.44356704,0.44476509,0.0331,0.42948871515171144,365,0.917834947299091,0.42948871515171144,0.4597891785772359,0.46394739697642895
2026-06-06T18:37:57.056000+00:00,Binance public market-data API,BTCUSDT,BTC-260626-68000-C,call,2026-06-26T08:00:00+00:00,68000.0,19.55697851851852,0.0535807630644343,60577.10652174,448.435,440.0,445.0,505.0,0.445,0.445,0.44236362,0.44392884,0.0331,0.42948871515171144,365,0.8908398017902942,0.42948871515171144,0.4597891785772359,0.46394739697642895
2026-06-06T18:37:57.056000+00:00,Binance public market-data API,BTCUSDT,BTC-260626-70000-C,call,2026-06-26T08:00:00+00:00,70000.0,19.55697851851852,0.0535807630644343,60577.10652174,266.921,265.0,270.0,300.0,0.451,0.451,0.45018256,0.45230448,0.0331,0.42948871515171144,365,0.8653872360248572,0.42948871515171144,0.4597891785772359,0.46394739697642895
2026-06-06T18:37:57.056000+00:00,Binance public market-data API,BTCUSDT,BTC-260626-72000-C,call,2026-06-26T08:00:00+00:00,72000.0,19.55697851851852,0.0535807630644343,60577.10652174,167.715,165.0,170.0,190.0,0.464,0.464,0.46240866,0.4653281,0.0331,0.42948871515171144,365,0.8413487016908334,0.42948871515171144,0.4597891785772359,0.46394739697642895
2026-06-06T18:37:57.056000+00:00,Binance public market-data API,BTCUSDT,BTC-260626-74000-C,call,2026-06-26T08:00:00+00:00,74000.0,19.55697851851852,0.0535807630644343,60577.10652174,113.727,115.0,120.0,120.0,0.483,0.483,0.4839927,0.48783243,0.0331,0.42948871515171144,365,0.8186095475910811,0.42948871515171144,0.4597891785772359,0.46394739697642895
2026-06-06T18:37:57.056000+00:00,Binance public market-data API,BTCUSDT,BTC-260626-75000-C,call,2026-06-26T08:00:00+00:00,75000.0,19.55697851851852,0.0535807630644343,60577.10652174,95.057,90.0,95.0,105.0,0.493,0.493,0.48836529,0.4929477,0.0331,0.42948871515171144,365,0.8076947536232001,0.42948871515171144,0.4597891785772359,0.46394739697642895
2026-06-06T18:37:57.056000+00:00,Binance public market-data API,BTCUSDT,BTC-260626-76000-C,call,2026-06-26T08:00:00+00:00,76000.0,19.55697851851852,0.0535807630644343,60577.10652174,81.926,75.0,80.0,95.0,0.505,0.505,0.49773633,0.5030185,0.0331,0.42948871515171144,365,0.7970671910755264,0.42948871515171144,0.4597891785772359,0.46394739697642895
2026-06-06T18:37:57.056000+00:00,Binance public market-data API,BTCUSDT,BTC-260626-78000-C,call,2026-06-26T08:00:00+00:00,78000.0,19.55697851851852,0.0535807630644343,60577.10652174,60.006,55.0,60.0,60.0,0.526,0.526,0.51919162,0.52599132,0.0331,0.42948871515171144,365,0.7766295707915385,0.42948871515171144,0.4597891785772359,0.46394739697642895
2026-06-06T18:37:57.056000+00:00,Binance public market-data API,BTCUSDT,BTC-260626-80000-C,call,2026-06-26T08:00:00+00:00,80000.0,19.55697851851852,0.0535807630644343,60577.10652174,46.355,45.0,50.0,65.0,0.549,0.549,0.54672778,0.554896,0.0331,0.42948871515171144,365,0.75721383152175,0.42948871515171144,0.4597891785772359,0.46394739697642895
2026-06-06T18:37:57.056000+00:00,Binance public market-data API,BTCUSDT,BTC-260626-82000-C,call,2026-06-26T08:00:00+00:00,82000.0,19.55697851851852,0.0535807630644343,60577.10652174,36.808,40.0,45.0,50.0,0.572,0.572,0.57833731,0.58761358,0.0331,0.42948871515171144,365,0.7387452014846342,0.42948871515171144,0.4597891785772359,0.46394739697642895
2026-06-06T18:37:57.056000+00:00,Binance public market-data API,BTCUSDT,BTC-260626-84000-C,call,2026-06-26T08:00:00+00:00,84000.0,19.55697851851852,0.0535807630644343,60577.10652174,31.635,30.0,35.0,35.0,0.599,0.599,0.59503496,0.60673237,0.0331,0.42948871515171144,365,0.7211560300207143,0.42948871515171144,0.4597891785772359,0.46394739697642895
2026-06-06T18:37:57.056000+00:00,Binance public market-data API,BTCUSDT,BTC-260626-85000-C,call,2026-06-26T08:00:00+00:00,85000.0,19.55697851851852,0.0535807630644343,60577.10652174,29.012,30.0,35.0,35.0,0.611,0.611,0.61352551,0.62549412,0.0331,0.42948871515171144,365,0.7126718414322353,0.42948871515171144,0.4597891785772359,0.46394739697642895
2026-06-06T18:37:57.056000+00:00,Binance public market-data API,BTCUSDT,BTC-260626-86000-C,call,2026-06-26T08:00:00+00:00,86000.0,19.55697851851852,0.0535807630644343,60577.10652174,26.049,35.0,40.0,30.0,0.621,0.621,0.6439501,0.65503001,0.0331,0.42948871515171144,365,0.7043849595551163,0.42948871515171144,0.4597891785772359,0.46394739697642895
2026-06-06T18:37:57.056000+00:00,Binance public market-data API,BTCUSDT,BTC-260626-88000-C,call,2026-06-26T08:00:00+00:00,88000.0,19.55697851851852,0.0535807630644343,60577.10652174,23.124,25.0,30.0,30.0,0.647,0.647,0.65290272,0.66723883,0.0331,0.42948871515171144,365,0.6883762104743182,0.42948871515171144,0.4597891785772359,0.46394739697642895
2026-06-06T18:37:57.056000+00:00,Binance public market-data API,BTCUSDT,BTC-260626-90000-C,call,2026-06-26T08:00:00+00:00,90000.0,19.55697851851852,0.0535807630644343,60577.10652174,19.577,20.0,30.0,20.0,0.668,0.668,0.66958964,0.70168078,0.0331,0.42948871515171144,365,0.6730789613526666,0.42948871515171144,0.4597891785772359,0.46394739697642895
2026-06-06T18:37:57.056000+00:00,Binance public market-data API,BTCUSDT,BTC-260626-92000-C,call,2026-06-26T08:00:00+00:00,92000.0,19.55697851851852,0.0535807630644343,60577.10652174,17.568,15.0,20.0,15.0,0.692,0.692,0.68043888,0.70185602,0.0331,0.42948871515171144,365,0.658446810018913,0.42948871515171144,0.4597891785772359,0.46394739697642895
2026-06-06T18:37:57.056000+00:00,Binance public market-data API,BTCUSDT,BTC-260626-95000-C,call,2026-06-26T08:00:00+00:00,95000.0,19.55697851851852,0.0535807630644343,60577.10652174,13.828,10.0,15.0,15.0,0.72,0.72,0.69707096,0.72606027,0.0331,0.42948871515171144,365,0.637653752860421,0.42948871515171144,0.4597891785772359,0.46394739697642895
2026-06-06T18:37:57.056000+00:00,Binance public market-data API,BTCUSDT,BTC-260626-100000-C,call,2026-06-26T08:00:00+00:00,100000.0,19.55697851851852,0.0535807630644343,60577.10652174,9.474,10.0,15.0,10.0,0.763,0.763,0.76692522,0.79816163,0.0331,0.42948871515171144,365,0.6057710652174,0.42948871515171144,0.4597891785772359,0.46394739697642895
2026-06-06T18:37:57.056000+00:00,Binance public market-data API,BTCUSDT,BTC-260626-105000-C,call,2026-06-26T08:00:00+00:00,105000.0,19.55697851851852,0.0535807630644343,60577.10652174,7.618,5.0,15.0,10.0,0.812,0.812,0.78260243,0.86588204,0.0331,0.42948871515171144,365,0.5769248240165714,0.42948871515171144,0.4597891785772359,0.46394739697642895
2026-06-06T18:37:57.056000+00:00,Binance public market-data API,BTCUSDT,BTC-260626-110000-C,call,2026-06-26T08:00:00+00:00,110000.0,19.55697851851852,0.0535807630644343,60577.10652174,5.862,5.0,10.0,5.0,0.853,0.853,0.84157526,0.89451492,0.0331,0.42948871515171144,365,0.5507009683794546,0.42948871515171144,0.4597891785772359,0.46394739697642895
2026-06-06T18:37:57.056000+00:00,Binance public market-data API,BTCUSDT,BTC-260626-115000-C,call,2026-06-26T08:00:00+00:00,115000.0,19.55697851851852,0.0535807630644343,60577.10652174,4.903,0.0,10.0,5.0,0.896,0.896,-1.0,0.95314205,0.0331,0.42948871515171144,365,0.5267574480151305,0.42948871515171144,0.4597891785772359,0.46394739697642895
2026-06-06T18:37:57.056000+00:00,Binance public market-data API,BTCUSDT,BTC-260626-120000-C,call,2026-06-26T08:00:00+00:00,120000.0,19.55697851851852,0.0535807630644343,60577.10652174,3.463,0.0,10.0,5.0,0.923,0.923,-1.0,1.00879729,0.0331,0.42948871515171144,365,0.5048092210145,0.42948871515171144,0.4597891785772359,0.46394739697642895
2026-06-06T18:37:57.056000+00:00,Binance public market-data API,BTCUSDT,BTC-260626-125000-C,call,2026-06-26T08:00:00+00:00,125000.0,19.55697851851852,0.0535807630644343,60577.10652174,2.621,0.0,5.0,5.0,0.952,0.952,-1.0,1.00104034,0.0331,0.42948871515171144,365,0.48461685217392,0.42948871515171144,0.4597891785772359,0.46394739697642895
2026-06-06T18:37:57.056000+00:00,Binance public market-data API,BTCUSDT,BTC-260626-130000-C,call,2026-06-26T08:00:00+00:00,130000.0,19.55697851851852,0.0535807630644343,60577.10652174,2.243,0.0,5.0,5.0,0.987,0.987,-1.0,1.0492748,0.0331,0.42948871515171144,365,0.4659777424749231,0.42948871515171144,0.4597891785772359,0.46394739697642895
2026-06-06T18:37:57.056000+00:00,Binance public market-data API,BTCUSDT,BTC-260626-135000-C,call,2026-06-26T08:00:00+00:00,135000.0,19.55697851851852,0.0535807630644343,60577.10652174,1.987,0.0,5.0,5.0,1.022,1.022,-1.0,1.09540641,0.0331,0.42948871515171144,365,0.4487193075684444,0.42948871515171144,0.4597891785772359,0.46394739697642895
2026-06-06T18:37:57.056000+00:00,Binance public market-data API,BTCUSDT,BTC-260626-140000-C,call,2026-06-26T08:00:00+00:00,140000.0,19.55697851851852,0.0535807630644343,60577.10652174,1.765,0.0,5.0,5.0,1.055,1.055,-1.0,1.13961041,0.0331,0.42948871515171144,365,0.4326936180124286,0.42948871515171144,0.4597891785772359,0.46394739697642895
2026-06-06T18:37:57.056000+00:00,Binance public market-data API,BTCUSDT,BTC-260626-145000-C,call,2026-06-26T08:00:00+00:00,145000.0,19.55697851851852,0.0535807630644343,60577.10652174,1.505,0.0,5.0,5.0,1.083,1.083,-1.0,1.18203878,0.0331,0.42948871515171144,365,0.4177731484257931,0.42948871515171144,0.4597891785772359,0.46394739697642895
2026-06-06T18:37:57.056000+00:00,Binance public market-data API,BTCUSDT,BTC-260626-150000-C,call,2026-06-26T08:00:00+00:00,150000.0,19.55697851851852,0.0535807630644343,60577.10652174,1.299,0.0,5.0,5.0,1.11,1.11,-1.0,1.22282684,0.0331,0.42948871515171144,365,0.4038473768116,0.42948871515171144,0.4597891785772359,0.46394739697642895
2026-06-06T18:37:57.056000+00:00,Binance public market-data API,BTCUSDT,BTC-260626-155000-C,call,2026-06-26T08:00:00+00:00,155000.0,19.55697851851852,0.0535807630644343,60577.10652174,1.0,0.0,5.0,5.0,1.127,1.127,-1.0,1.26209438,0.0331,0.42948871515171144,365,0.3908200420757419,0.42948871515171144,0.4597891785772359,0.46394739697642895
2026-06-06T18:37:57.056000+00:00,Binance public market-data API,BTCUSDT,BTC-260626-160000-C,call,2026-06-26T08:00:00+00:00,160000.0,19.55697851851852,0.0535807630644343,60577.10652174,0.774,0.0,5.0,5.0,1.143,1.143,-1.0,1.2999481,0.0331,0.42948871515171144,365,0.378606915760875,0.42948871515171144,0.4597891785772359,0.46394739697642895
2026-06-06T18:37:57.056000+00:00,Binance public market-data API,BTCUSDT,BTC-260626-165000-C,call,2026-06-26T08:00:00+00:00,165000.0,19.55697851851852,0.0535807630644343,60577.10652174,0.552,0.0,5.0,5.0,1.152,1.152,-1.0,1.33648574,0.0331,0.42948871515171144,365,0.3671339789196364,0.42948871515171144,0.4597891785772359,0.46394739697642895
2026-06-06T18:37:57.056000+00:00,Binance public market-data API,BTCUSDT,BTC-260626-170000-C,call,2026-06-26T08:00:00+00:00,170000.0,19.55697851851852,0.0535807630644343,60577.10652174,0.392,0.0,5.0,5.0,1.16,1.16,-1.0,1.37179375,0.0331,0.42948871515171144,365,0.3563359207161176,0.42948871515171144,0.4597891785772359,0.46394739697642895
2026-06-06T18:37:57.056000+00:00,Binance public market-data API,BTCUSDT,BTC-260626-40000-P,put,2026-06-26T08:00:00+00:00,40000.0,19.55697851851852,0.0535807630644343,60577.10652174,58.292,65.0,70.0,70.0,0.848,0.848,0.86164534,0.87123454,0.0331,0.42948871515171144,365,1.5144276630435,0.42948871515171144,0.4597891785772359,0.46394739697642895
2026-06-06T18:37:57.056000+00:00,Binance public market-data API,BTCUSDT,BTC-260626-45000-P,put,2026-06-26T08:00:00+00:00,45000.0,19.55697851851852,0.0535807630644343,60577.10652174,142.535,145.0,150.0,150.0,0.737,0.737,0.73937416,0.74412167,0.0331,0.42948871515171144,365,1.3461579227053333,0.42948871515171144,0.4597891785772359,0.46394739697642895
2026-06-06T18:37:57.056000+00:00,Binance public market-data API,BTCUSDT,BTC-260626-50000-P,put,2026-06-26T08:00:00+00:00,50000.0,19.55697851851852,0.0535807630644343,60577.10652174,360.162,365.0,370.0,360.0,0.638,0.638,0.64025104,0.64256251,0.0331,0.42948871515171144,365,1.2115421304348,0.42948871515171144,0.4597891785772359,0.46394739697642895
2026-06-06T18:37:57.056000+00:00,Binance public market-data API,BTCUSDT,BTC-260626-55000-P,put,2026-06-26T08:00:00+00:00,55000.0,19.55697851851852,0.0535807630644343,60577.10652174,936.789,925.0,940.0,920.0,0.553,0.553,0.55001557,0.55254757,0.0331,0.42948871515171144,365,1.1014019367589092,0.42948871515171144,0.4597891785772359,0.46394739697642895
2026-06-06T18:37:57.056000+00:00,Binance public market-data API,BTCUSDT,BTC-260626-58000-P,put,2026-06-26T08:00:00+00:00,58000.0,19.55697851851852,0.0535807630644343,60577.10652174,1655.409,1645.0,1655.0,1630.0,0.511,0.511,0.50894797,0.51091909,0.0331,0.42948871515171144,365,1.0444328710644828,0.42948871515171144,0.4597891785772359,0.46394739697642895
2026-06-06T18:37:57.056000+00:00,Binance public market-data API,BTCUSDT,BTC-260626-60000-P,put,2026-06-26T08:00:00+00:00,60000.0,19.55697851851852,0.0535807630644343,60577.10652174,2379.452,2375.0,2380.0,2365.0,0.487,0.487,0.4861939,0.48709869,0.0331,0.42948871515171144,365,1.009618442029,0.42948871515171144,0.4597891785772359,0.46394739697642895
2026-06-06T18:37:57.056000+00:00,Binance public market-data API,BTCUSDT,BTC-260626-61000-P,put,2026-06-26T08:00:00+00:00,61000.0,19.55697851851852,0.0535807630644343,60577.10652174,2828.67,2815.0,2830.0,2880.0,0.476,0.476,0.47355652,0.47623754,0.0331,0.42948871515171144,365,0.9930673200285246,0.42948871515171144,0.4597891785772359,0.46394739697642895
2026-06-06T18:37:57.056000+00:00,Binance public market-data API,BTCUSDT,BTC-260626-62000-P,put,2026-06-26T08:00:00+00:00,62000.0,19.55697851851852,0.0535807630644343,60577.10652174,3342.114,2205.0,4915.0,3415.0,0.466,0.466,0.2573961,0.74832678,0.0331,0.42948871515171144,365,0.9770501051893548,0.42948871515171144,0.4597891785772359,0.46394739697642895
2026-06-06T18:37:57.056000+00:00,Binance public market-data API,BTCUSDT,BTC-260626-64000-P,put,2026-06-26T08:00:00+00:00,64000.0,19.55697851851852,0.0535807630644343,60577.10652174,4579.229,0.0,63990.0,4440.0,0.452,0.452,-1.0,9.9999994,0.0331,0.42948871515171144,365,0.9465172894021876,0.42948871515171144,0.4597891785772359,0.46394739697642895
2026-06-06T18:37:57.056000+00:00,Binance public market-data API,BTCUSDT,BTC-260626-65000-P,put,2026-06-26T08:00:00+00:00,65000.0,19.55697851851852,0.0535807630644343,60577.10652174,5291.77,3185.0,6415.0,5200.0,0.447,0.447,6e-07,0.6719923,0.0331,0.42948871515171144,365,0.931955484949846,0.42948871515171144,0.4597891785772359,0.46394739697642895
2026-06-06T18:37:57.056000+00:00,Binance public market-data API,BTCUSDT,BTC-260626-66000-P,put,2026-06-26T08:00:00+00:00,66000.0,19.55697851851852,0.0535807630644343,60577.10652174,6066.926,5500.0,9920.0,6100.0,0.445,0.445,0.28233051,1.19425297,0.0331,0.42948871515171144,365,0.917834947299091,0.42948871515171144,0.4597891785772359,0.46394739697642895
2026-06-06T18:37:57.056000+00:00,Binance public market-data API,BTCUSDT,BTC-260626-68000-P,put,2026-06-26T08:00:00+00:00,68000.0,19.55697851851852,0.0535807630644343,60577.10652174,7750.836,10.0,13570.0,7500.0,0.445,0.445,6e-07,1.60835266,0.0331,0.42948871515171144,365,0.8908398017902942,0.42948871515171144,0.4597891785772359,0.46394739697642895
2026-06-06T18:37:57.056000+00:00,Binance public market-data API,BTCUSDT,BTC-260626-70000-P,put,2026-06-26T08:00:00+00:00,70000.0,19.55697851851852,0.0535807630644343,60577.10652174,9565.778,9465.0,9670.0,9160.0,0.451,0.451,0.40328979,0.49192429,0.0331,0.42948871515171144,365,0.8653872360248572,0.42948871515171144,0.4597891785772359,0.46394739697642895
2026-06-06T18:37:57.056000+00:00,Binance public market-data API,BTCUSDT,BTC-260626-72000-P,put,2026-06-26T08:00:00+00:00,72000.0,19.55697851851852,0.0535807630644343,60577.10652174,11463.028,8405.0,19900.0,11095.0,0.464,0.464,6e-07,2.23891258,0.0331,0.42948871515171144,365,0.8413487016908334,0.42948871515171144,0.4597891785772359,0.46394739697642895
2026-06-06T18:37:57.056000+00:00,Binance public market-data API,BTCUSDT,BTC-260626-74000-P,put,2026-06-26T08:00:00+00:00,74000.0,19.55697851851852,0.0535807630644343,60577.10652174,13405.497,8000.0,73995.0,13635.0,0.483,0.483,6e-07,9.9999994,0.0331,0.42948871515171144,365,0.8186095475910811,0.42948871515171144,0.4597891785772359,0.46394739697642895
2026-06-06T18:37:57.056000+00:00,Binance public market-data API,BTCUSDT,BTC-260626-75000-P,put,2026-06-26T08:00:00+00:00,75000.0,19.55697851851852,0.0535807630644343,60577.10652174,14385.054,100.0,17900.0,13985.0,0.493,0.493,6e-07,1.45277977,0.0331,0.42948871515171144,365,0.8076947536232001,0.42948871515171144,0.4597891785772359,0.46394739697642895
2026-06-06T18:37:57.056000+00:00,Binance public market-data API,BTCUSDT,BTC-260626-76000-P,put,2026-06-26T08:00:00+00:00,76000.0,19.55697851851852,0.0535807630644343,60577.10652174,15370.151,5.0,75990.0,15670.0,0.505,0.505,6e-07,9.9999994,0.0331,0.42948871515171144,365,0.7970671910755264,0.42948871515171144,0.4597891785772359,0.46394739697642895
2026-06-06T18:37:57.056000+00:00,Binance public market-data API,BTCUSDT,BTC-260626-78000-P,put,2026-06-26T08:00:00+00:00,78000.0,19.55697851851852,0.0535807630644343,60577.10652174,17344.687,8500.0,77995.0,18000.0,0.526,0.526,6e-07,9.9999994,0.0331,0.42948871515171144,365,0.7766295707915385,0.42948871515171144,0.4597891785772359,0.46394739697642895
2026-06-06T18:37:57.056000+00:00,Binance public market-data API,BTCUSDT,BTC-260626-80000-P,put,2026-06-26T08:00:00+00:00,80000.0,19.55697851851852,0.0535807630644343,60577.10652174,19327.493,100.0,24770.0,18875.0,0.549,0.549,6e-07,2.02064514,0.0331,0.42948871515171144,365,0.75721383152175,0.42948871515171144,0.4597891785772359,0.46394739697642895
2026-06-06T18:37:57.056000+00:00,Binance public market-data API,BTCUSDT,BTC-260626-82000-P,put,2026-06-26T08:00:00+00:00,82000.0,19.55697851851852,0.0535807630644343,60577.10652174,21314.402,5.0,81995.0,20225.0,0.572,0.572,6e-07,9.9999994,0.0331,0.42948871515171144,365,0.7387452014846342,0.42948871515171144,0.4597891785772359,0.46394739697642895
2026-06-06T18:37:57.056000+00:00,Binance public market-data API,BTCUSDT,BTC-260626-84000-P,put,2026-06-26T08:00:00+00:00,84000.0,19.55697851851852,0.0535807630644343,60577.10652174,23305.685,5.0,83995.0,16820.0,0.599,0.599,6e-07,9.9999994,0.0331,0.42948871515171144,365,0.7211560300207143,0.42948871515171144,0.4597891785772359,0.46394739697642895
2026-06-06T18:37:57.056000+00:00,Binance public market-data API,BTCUSDT,BTC-260626-85000-P,put,2026-06-26T08:00:00+00:00,85000.0,19.55697851851852,0.0535807630644343,60577.10652174,24301.289,200.0,43620.0,23835.0,0.611,0.611,6e-07,4.72467422,0.0331,0.42948871515171144,365,0.7126718414322353,0.42948871515171144,0.4597891785772359,0.46394739697642895
2026-06-06T18:37:57.056000+00:00,Binance public market-data API,BTCUSDT,BTC-260626-86000-P,put,2026-06-26T08:00:00+00:00,86000.0,19.55697851851852,0.0535807630644343,60577.10652174,25296.554,5.0,85995.0,23625.0,0.621,0.621,6e-07,9.9999994,0.0331,0.42948871515171144,365,0.7043849595551163,0.42948871515171144,0.4597891785772359,0.46394739697642895
2026-06-06T18:37:57.056000+00:00,Binance public market-data API,BTCUSDT,BTC-260626-88000-P,put,2026-06-26T08:00:00+00:00,88000.0,19.55697851851852,0.0535807630644343,60577.10652174,27290.085,150.0,30065.0,25410.0,0.647,0.647,6e-07,1.74079895,0.0331,0.42948871515171144,365,0.6883762104743182,0.42948871515171144,0.4597891785772359,0.46394739697642895
2026-06-06T18:37:57.056000+00:00,Binance public market-data API,BTCUSDT,BTC-260626-90000-P,put,2026-06-26T08:00:00+00:00,90000.0,19.55697851851852,0.0535807630644343,60577.10652174,29282.995,8000.0,34700.0,28850.0,0.668,0.668,6e-07,2.36030579,0.0331,0.42948871515171144,365,0.6730789613526666,0.42948871515171144,0.4597891785772359,0.46394739697642895
2026-06-06T18:37:57.056000+00:00,Binance public market-data API,BTCUSDT,BTC-260626-92000-P,put,2026-06-26T08:00:00+00:00,92000.0,19.55697851851852,0.0535807630644343,60577.10652174,31277.442,5.0,34445.0,29405.0,0.692,0.692,6e-07,1.94723129,0.0331,0.42948871515171144,365,0.658446810018913,0.42948871515171144,0.4597891785772359,0.46394739697642895
2026-06-06T18:37:57.056000+00:00,Binance public market-data API,BTCUSDT,BTC-260626-95000-P,put,2026-06-26T08:00:00+00:00,95000.0,19.55697851851852,0.0535807630644343,60577.10652174,34268.386,220.0,87515.0,33825.0,0.72,0.72,6e-07,9.9999994,0.0331,0.42948871515171144,365,0.637653752860421,0.42948871515171144,0.4597891785772359,0.46394739697642895
2026-06-06T18:37:57.056000+00:00,Binance public market-data API,BTCUSDT,BTC-260626-100000-P,put,2026-06-26T08:00:00+00:00,100000.0,19.55697851851852,0.0535807630644343,60577.10652174,39255.173,200.0,92045.0,39295.0,0.763,0.763,6e-07,9.9999994,0.0331,0.42948871515171144,365,0.6057710652174,0.42948871515171144,0.4597891785772359,0.46394739697642895
2026-06-06T18:37:57.056000+00:00,Binance public market-data API,BTCUSDT,BTC-260626-105000-P,put,2026-06-26T08:00:00+00:00,105000.0,19.55697851851852,0.0535807630644343,60577.10652174,44244.456,100.0,96740.0,42145.0,0.812,0.812,6e-07,9.9999994,0.0331,0.42948871515171144,365,0.5769248240165714,0.42948871515171144,0.4597891785772359,0.46394739697642895
2026-06-06T18:37:57.056000+00:00,Binance public market-data API,BTCUSDT,BTC-260626-110000-P,put,2026-06-26T08:00:00+00:00,110000.0,19.55697851851852,0.0535807630644343,60577.10652174,49233.84,100.0,101395.0,27870.0,0.853,0.853,6e-07,9.9999994,0.0331,0.42948871515171144,365,0.5507009683794546,0.42948871515171144,0.4597891785772359,0.46394739697642895
2026-06-06T18:37:57.056000+00:00,Binance public market-data API,BTCUSDT,BTC-260626-115000-P,put,2026-06-26T08:00:00+00:00,115000.0,19.55697851851852,0.0535807630644343,60577.10652174,54224.023,100.0,108305.0,33280.0,0.896,0.896,6e-07,9.9999994,0.0331,0.42948871515171144,365,0.5267574480151305,0.42948871515171144,0.4597891785772359,0.46394739697642895
2026-06-06T18:37:57.056000+00:00,Binance public market-data API,BTCUSDT,BTC-260626-120000-P,put,2026-06-26T08:00:00+00:00,120000.0,19.55697851851852,0.0535807630644343,60577.10652174,59213.722,10.0,111035.0,0.0,0.923,0.923,6e-07,9.9999994,0.0331,0.42948871515171144,365,0.5048092210145,0.42948871515171144,0.4597891785772359,0.46394739697642895
2026-06-06T18:37:57.056000+00:00,Binance public market-data API,BTCUSDT,BTC-260626-125000-P,put,2026-06-26T08:00:00+00:00,125000.0,19.55697851851852,0.0535807630644343,60577.10652174,64204.021,10.0,120590.0,43215.0,0.952,0.952,6e-07,9.9999994,0.0331,0.42948871515171144,365,0.48461685217392,0.42948871515171144,0.4597891785772359,0.46394739697642895
2026-06-06T18:37:57.056000+00:00,Binance public market-data API,BTCUSDT,BTC-260626-130000-P,put,2026-06-26T08:00:00+00:00,130000.0,19.55697851851852,0.0535807630644343,60577.10652174,69194.783,10.0,78280.0,62905.0,0.987,0.987,6e-07,4.03669357,0.0331,0.42948871515171144,365,0.4659777424749231,0.42948871515171144,0.4597891785772359,0.46394739697642895
2026-06-06T18:37:57.056000+00:00,Binance public market-data API,BTCUSDT,BTC-260626-135000-P,put,2026-06-26T08:00:00+00:00,135000.0,19.55697851851852,0.0535807630644343,60577.10652174,74185.667,10.0,128565.0,67050.0,1.022,1.022,6e-07,9.9999994,0.0331,0.42948871515171144,365,0.4487193075684444,0.42948871515171144,0.4597891785772359,0.46394739697642895
2026-06-06T18:37:57.056000+00:00,Binance public market-data API,BTCUSDT,BTC-260626-140000-P,put,2026-06-26T08:00:00+00:00,140000.0,19.55697851851852,0.0535807630644343,60577.10652174,79176.585,10.0,137055.0,0.0,1.055,1.055,6e-07,9.9999994,0.0331,0.42948871515171144,365,0.4326936180124286,0.42948871515171144,0.4597891785772359,0.46394739697642895
2026-06-06T18:37:57.056000+00:00,Binance public market-data API,BTCUSDT,BTC-260626-145000-P,put,2026-06-26T08:00:00+00:00,145000.0,19.55697851851852,0.0535807630644343,60577.10652174,84167.466,10.0,137435.0,0.0,1.083,1.083,6e-07,9.9999994,0.0331,0.42948871515171144,365,0.4177731484257931,0.42948871515171144,0.4597891785772359,0.46394739697642895
2026-06-06T18:37:57.056000+00:00,Binance public market-data API,BTCUSDT,BTC-260626-150000-P,put,2026-06-26T08:00:00+00:00,150000.0,19.55697851851852,0.0535807630644343,60577.10652174,89158.399,25.0,148430.0,0.0,1.11,1.11,6e-07,9.9999994,0.0331,0.42948871515171144,365,0.4038473768116,0.42948871515171144,0.4597891785772359,0.46394739697642895
2026-06-06T18:37:57.056000+00:00,Binance public market-data API,BTCUSDT,BTC-260626-155000-P,put,2026-06-26T08:00:00+00:00,155000.0,19.55697851851852,0.0535807630644343,60577.10652174,94149.241,10.0,148350.0,0.0,1.127,1.127,6e-07,9.9999994,0.0331,0.42948871515171144,365,0.3908200420757419,0.42948871515171144,0.4597891785772359,0.46394739697642895
2026-06-06T18:37:57.056000+00:00,Binance public market-data API,BTCUSDT,BTC-260626-160000-P,put,2026-06-26T08:00:00+00:00,160000.0,19.55697851851852,0.0535807630644343,60577.10652174,99140.155,10.0,155225.0,0.0,1.143,1.143,6e-07,9.9999994,0.0331,0.42948871515171144,365,0.378606915760875,0.42948871515171144,0.4597891785772359,0.46394739697642895
2026-06-06T18:37:57.056000+00:00,Binance public market-data API,BTCUSDT,BTC-260626-165000-P,put,2026-06-26T08:00:00+00:00,165000.0,19.55697851851852,0.0535807630644343,60577.10652174,104131.073,10.0,158330.0,0.0,1.152,1.152,6e-07,9.9999994,0.0331,0.42948871515171144,365,0.3671339789196364,0.42948871515171144,0.4597891785772359,0.46394739697642895
2026-06-06T18:37:57.056000+00:00,Binance public market-data API,BTCUSDT,BTC-260626-170000-P,put,2026-06-26T08:00:00+00:00,170000.0,19.55697851851852,0.0535807630644343,60577.10652174,109122.054,10.0,160210.0,102810.0,1.16,1.16,6e-07,9.9999994,0.0331,0.42948871515171144,365,0.3563359207161176,0.42948871515171144,0.4597891785772359,0.46394739697642895
